business_id,name,address,city,state,postal_code,latitude,longitude,stars,review_count,is_open,attributes,categories,hours
gsicNDwrLH4WGeWMDcJv6w,Ahmed Indian Restaurant,"11301 S Orange Blossom Trl, Ste 104",Orlando,FL,32837,28.401633,-81.404314,3.5,146,1,"{'RestaurantsReservations': 'True', 'RestaurantsDelivery': 'True', 'OutdoorSeating': 'False', 'RestaurantsGoodForGroups': 'True', 'BYOBCorkage': ""'yes_free'"", 'RestaurantsAttire': ""'casual'"", 'Caters': 'True', 'BusinessAcceptsCreditCards': 'True', 'WiFi': ""u'free'"", 'BusinessParking': ""{'garage': False, 'street': False, 'validated': True, 'lot': True, 'valet': False}"", 'HasTV': 'True', 'GoodForKids': 'True', 'RestaurantsTakeOut': 'True', 'Corkage': 'False', 'NoiseLevel': ""u'quiet'"", 'BikeParking': 'True', 'RestaurantsPriceRange2': '2', 'Ambience': ""{'romantic': False, 'intimate': False, 'touristy': False, 'hipster': False, 'divey': False, 'classy': False, 'trendy': False, 'upscale': False, 'casual': True}"", 'DogsAllowed': 'False', 'Alcohol': ""u'none'"", 'WheelchairAccessible': 'True', 'RestaurantsTableService': 'True', 'HappyHour': 'False', 'GoodForMeal': ""{'dessert': False, 'latenight': False, 'lunch': True, 'dinner': True, 'brunch': None, 'breakfast': False}""}","Indian, Pakistani, Bangladeshi, Restaurants, Halal, Buffets","{'Monday': '11:30-22:0', 'Tuesday': '11:30-22:0', 'Wednesday': '11:30-22:0', 'Thursday': '11:30-22:0', 'Friday': '11:30-22:30', 'Saturday': '11:30-22:30', 'Sunday': '11:30-22:0'}"
n4diWKcRvAFctwdRA6IPMg,Ahmed Indian Restaurant,10042 University Blvd,Orlando,FL,32817,28.596572,-81.243464,4,131,1,"{'ByAppointmentOnly': 'False', 'NoiseLevel': ""u'quiet'"", 'Alcohol': ""'none'"", 'RestaurantsPriceRange2': '2', 'BusinessAcceptsCreditCards': 'True', 'RestaurantsTableService': 'True', 'WheelchairAccessible': 'True', 'GoodForKids': 'True', 'HappyHour': 'True', 'Caters': 'True', 'RestaurantsGoodForGroups': 'True', 'RestaurantsAttire': ""u'casual'"", 'HasTV': 'True', 'BikeParking': 'True', 'RestaurantsReservations': 'True', 'GoodForMeal': ""{'dessert': False, 'latenight': False, 'lunch': True, 'dinner': True, 'brunch': False, 'breakfast': False}"", 'WiFi': ""'free'"", 'RestaurantsDelivery': 'True', 'RestaurantsTakeOut': 'True', 'DogsAllowed': 'False', 'OutdoorSeating': 'False', 'BusinessParking': ""{'garage': False, 'street': None, 'validated': False, 'lot': None, 'valet': False}"", 'Ambience': ""{'touristy': False, 'hipster': False, 'romantic': None, 'divey': None, 'intimate': None, 'trendy': None, 'upscale': False, 'classy': False, 'casual': True}""}","Restaurants, Halal, Indian, Pakistani, Bangladeshi, Buffets","{'Monday': '11:30-21:0', 'Tuesday': '11:30-22:0', 'Wednesday': '11:30-22:0', 'Thursday': '11:30-22:0', 'Friday': '11:30-22:30', 'Saturday': '11:30-22:30', 'Sunday': '11:30-22:0'}"
riAMZdetrgWrwoUQUoJHRQ,Bachata Breeze Restaurant,5773 Curry Ford Rd,Orlando,FL,32822,28.52355528,-81.30801342,3,9,1,"{'RestaurantsPriceRange2': '1', 'BusinessAcceptsCreditCards': 'True', 'RestaurantsTakeOut': 'True', 'RestaurantsAttire': ""'casual'"", 'Ambience': ""{'touristy': False, 'hipster': False, 'romantic': False, 'divey': False, 'intimate': False, 'trendy': False, 'upscale': False, 'classy': False, 'casual': False}"", 'RestaurantsGoodForGroups': 'True', 'HasTV': 'True', 'GoodForKids': 'True', 'RestaurantsReservations': 'False', 'GoodForMeal': ""{'dessert': False, 'latenight': False, 'lunch': False, 'dinner': False, 'brunch': False, 'breakfast': False}"", 'BusinessParking': ""{'garage': False, 'street': False, 'validated': False, 'lot': False, 'valet': False}"", 'RestaurantsDelivery': 'True', 'WiFi': ""'no'"", 'OutdoorSeating': 'False', 'Alcohol': ""'full_bar'""}","Latin American, Restaurants, Caribbean, Puerto Rican, Buffets","{'Monday': '11:0-17:0', 'Tuesday': '11:0-17:0', 'Wednesday': '11:0-17:0', 'Thursday': '11:0-2:0', 'Friday': '11:0-2:0', 'Saturday': '11:0-2:0', 'Sunday': '11:0-2:0'}"
ZCDaGq6eJfG5qB4n3b78Ag,Backlot Express,351 S Studio Dr,Orlando,FL,32830,28.355967,-81.558493,3.5,129,1,"{'RestaurantsTakeOut': 'True', 'RestaurantsAttire': ""u'casual'"", 'RestaurantsPriceRange2': '2', 'Caters': 'False', 'RestaurantsReservations': 'False', 'BusinessAcceptsCreditCards': 'True', 'GoodForKids': 'True', 'WiFi': ""u'free'"", 'NoiseLevel': ""u'loud'"", 'RestaurantsDelivery': 'False', 'RestaurantsGoodForGroups': 'True', 'Alcohol': ""u'beer_and_wine'"", 'OutdoorSeating': 'True', 'BusinessParking': ""{'garage': None, 'street': None, 'validated': None, 'lot': False, 'valet': False}"", 'GoodForMeal': ""{'dessert': False, 'latenight': False, 'lunch': False, 'dinner': False, 'brunch': False, 'breakfast': False}"", 'RestaurantsTableService': 'False', 'BikeParking': 'False', 'Ambience': ""{'touristy': True, 'hipster': False, 'romantic': False, 'divey': False, 'intimate': False, 'trendy': None, 'upscale': False, 'classy': False, 'casual': True}"", 'HasTV': 'True'}","Buffets, Restaurants, American (Traditional), Salad, Food, Desserts","{'Monday': '11:0-17:0', 'Tuesday': '11:0-17:0', 'Wednesday': '11:0-17:0', 'Thursday': '11:0-17:0', 'Friday': '11:0-17:0', 'Saturday': '11:0-17:0', 'Sunday': '11:0-17:0'}"
gmRYAB3xneTOuK8I7UEQCg,Bamboo Garden Super Buffet,3125 Columbia Blvd,Titusville,FL,32780,28.5527724,-80.8417144,2.5,11,1,"{'DogsAllowed': 'False', 'RestaurantsReservations': 'False', 'WheelchairAccessible': 'True', 'BusinessAcceptsCreditCards': 'True', 'WiFi': ""u'free'"", 'Ambience': ""{'touristy': False, 'hipster': False, 'romantic': False, 'divey': False, 'intimate': False, 'trendy': False, 'upscale': False, 'classy': False, 'casual': False}"", 'HasTV': 'True', 'HappyHour': 'False', 'Alcohol': ""u'beer_and_wine'"", 'GoodForMeal': ""{'dessert': False, 'latenight': False, 'lunch': False, 'dinner': False, 'brunch': False, 'breakfast': False}"", 'Caters': 'False', 'Corkage': 'False', 'RestaurantsTakeOut': 'True', 'BusinessParking': ""{'garage': False, 'street': False, 'validated': False, 'lot': True, 'valet': False}"", 'RestaurantsTableService': 'True', 'OutdoorSeating': 'False', 'BYOB': 'False', 'BikeParking': 'True', 'RestaurantsDelivery': 'True'}","Buffets, Chinese, Restaurants, Sushi Bars","{'Tuesday': '11:0-21:0', 'Wednesday': '11:0-21:0', 'Thursday': '11:0-21:0', 'Friday': '11:0-21:30', 'Saturday': '11:0-21:30', 'Sunday': '11:0-21:0'}"
CHTiicer1vhhJ0AfjuEHxA,Biergarten Restaurant,1510 Ave Of The Stars,Orlando,FL,32836,28.3680862,-81.5469133,4,596,1,"{'RestaurantsReservations': 'True', 'RestaurantsAttire': ""'casual'"", 'RestaurantsGoodForGroups': 'True', 'BusinessAcceptsCreditCards': 'True', 'GoodForKids': 'True', 'Alcohol': ""'beer_and_wine'"", 'RestaurantsPriceRange2': '3', 'BikeParking': 'False', 'NoiseLevel': ""u'loud'"", 'BYOBCorkage': ""'no'"", 'Caters': 'False', 'HasTV': 'False', 'WiFi': ""'free'"", 'RestaurantsDelivery': 'False', 'RestaurantsTakeOut': 'False', 'Smoking': ""u'no'"", 'Music': ""{'dj': False, 'background_music': False, 'no_music': False, 'jukebox': False, 'live': True, 'video': False, 'karaoke': False}"", 'GoodForDancing': 'True', 'BestNights': ""{'monday': False, 'tuesday': False, 'friday': False, 'wednesday': False, 'thursday': True, 'sunday': True, 'saturday': True}"", 'GoodForMeal': ""{'dessert': False, 'latenight': False, 'lunch': True, 'dinner': True, 'brunch': False, 'breakfast': False}"", 'Ambience': ""{'touristy': True, 'hipster': False, 'romantic': False, 'divey': False, 'intimate': False, 'trendy': False, 'upscale': False, 'classy': True, 'casual': False}"", 'HappyHour': 'False', 'RestaurantsTableService': 'True', 'CoatCheck': 'False', 'DogsAllowed': 'False', 'BusinessParking': ""{'garage': False, 'street': False, 'validated': False, 'lot': None, 'valet': False}"", 'OutdoorSeating': 'True'}","Restaurants, Bars, German, Beer Gardens, Buffets, Nightlife","{'Monday': '12:0-20:0', 'Tuesday': '12:0-20:0', 'Wednesday': '12:0-20:0', 'Thursday': '12:0-20:0', 'Friday': '12:0-20:0', 'Saturday': '12:0-20:0', 'Sunday': '12:0-20:0'}"
CnNt_kUkrJ-kpgPPGbMG4A,Boi Brazil Churrascaria,5600 International Dr,Orlando,FL,32819,28.461605,-81.457322,4,367,1,"{'RestaurantsReservations': 'True', 'Ambience': ""{'touristy': False, 'hipster': False, 'romantic': False, 'divey': False, 'intimate': False, 'trendy': False, 'upscale': False, 'classy': True, 'casual': True}"", 'WiFi': ""u'no'"", 'RestaurantsAttire': ""u'casual'"", 'RestaurantsPriceRange2': '2', 'BusinessAcceptsCreditCards': 'True', 'HasTV': 'True', 'GoodForKids': 'True', 'NoiseLevel': ""u'average'"", 'BikeParking': 'True', 'RestaurantsGoodForGroups': 'True', 'BusinessParking': ""{'garage': False, 'street': False, 'validated': False, 'lot': True, 'valet': False}"", 'Caters': 'True', 'Alcohol': ""u'full_bar'"", 'ByAppointmentOnly': 'False', 'DogsAllowed': 'False', 'OutdoorSeating': 'None', 'GoodForMeal': ""{'dessert': True, 'latenight': None, 'lunch': True, 'dinner': True, 'brunch': None, 'breakfast': False}"", 'RestaurantsDelivery': 'None', 'RestaurantsTakeOut': 'None'}","Restaurants, Steakhouses, Buffets, Brazilian","{'Monday': '12:0-23:0', 'Tuesday': '12:0-23:0', 'Wednesday': '12:0-23:0', 'Thursday': '12:0-23:0', 'Friday': '12:0-23:0', 'Saturday': '12:0-23:0', 'Sunday': '12:0-23:0'}"
ft1njL-bedfFyefTlDJAyA,Boston Lobster Feast,8731 International Dr,Orlando,FL,32819,28.4389041,-81.4707662,3,763,1,"{'RestaurantsGoodForGroups': 'True', 'GoodForKids': 'True', 'BusinessAcceptsCreditCards': 'True', 'Caters': 'False', 'NoiseLevel': ""u'average'"", 'BusinessParking': ""{'garage': False, 'street': False, 'validated': False, 'lot': True, 'valet': False}"", 'RestaurantsPriceRange2': '3', 'BikeParking': 'True', 'RestaurantsAttire': ""'casual'"", 'RestaurantsReservations': 'True', 'WiFi': ""u'no'"", 'BYOBCorkage': ""'no'"", 'DogsAllowed': 'False', 'RestaurantsTableService': 'True', 'GoodForMeal': ""{'dessert': False, 'latenight': False, 'lunch': None, 'dinner': True, 'brunch': False, 'breakfast': False}"", 'Alcohol': ""u'full_bar'"", 'RestaurantsTakeOut': 'None', 'WheelchairAccessible': 'True', 'BYOB': 'False', 'RestaurantsDelivery': 'None', 'Corkage': 'True', 'Ambience': ""{'touristy': None, 'hipster': False, 'romantic': False, 'divey': False, 'intimate': False, 'trendy': False, 'upscale': False, 'classy': True, 'casual': True}"", 'OutdoorSeating': 'None', 'HasTV': 'True'}","Buffets, Seafood, Restaurants","{'Monday': '16:0-22:0', 'Tuesday': '16:0-22:0', 'Wednesday': '16:0-22:0', 'Thursday': '16:0-22:0', 'Friday': '16:0-22:0', 'Saturday': '14:0-22:0', 'Sunday': '14:0-22:0'}"
traOWnt8eIJlqsevJq27Mg,Breakfast with Goofy and his Pals,10100 Dream Tree Blvd,Orlando,FL,32836,28.40232162,-81.54621362,5,9,1,"{'NoiseLevel': ""u'average'"", 'RestaurantsReservations': 'True', 'RestaurantsTakeOut': 'False', 'RestaurantsDelivery': 'False', 'Alcohol': ""u'none'"", 'RestaurantsTableService': 'True', 'RestaurantsAttire': ""u'dressy'"", 'WiFi': ""u'free'"", 'RestaurantsGoodForGroups': 'True', 'RestaurantsPriceRange2': '4', 'GoodForKids': 'True', 'OutdoorSeating': 'False', 'BikeParking': 'False', 'Ambience': ""{'touristy': False, 'hipster': False, 'romantic': False, 'divey': False, 'intimate': False, 'trendy': False, 'upscale': False, 'classy': True, 'casual': False}"", 'BusinessAcceptsCreditCards': 'True', 'HasTV': 'True', 'GoodForMeal': ""{'dessert': False, 'latenight': False, 'lunch': False, 'dinner': False, 'brunch': False, 'breakfast': False}"", 'BusinessParking': ""{'garage': False, 'street': False, 'validated': False, 'lot': False, 'valet': True}""}","Restaurants, Local Flavor, Buffets",
SRxHN7ua5DQawthf7QMMUw,Buffet City,4551 13th St,Saint Cloud,FL,34769,28.254972,-81.3202145,3,70,1,"{'NoiseLevel': ""u'average'"", 'RestaurantsAttire': ""u'casual'"", 'GoodForKids': 'True', 'BikeParking': 'True', 'Caters': 'False', 'RestaurantsTakeOut': 'True', 'BusinessAcceptsCreditCards': 'True', 'RestaurantsReservations': 'False', 'RestaurantsGoodForGroups': 'True', 'OutdoorSeating': 'False', 'HasTV': 'False', 'RestaurantsDelivery': 'False', 'RestaurantsPriceRange2': '1', 'Alcohol': ""'none'"", 'Ambience': ""{'romantic': False, 'intimate': False, 'touristy': False, 'hipster': False, 'divey': False, 'classy': False, 'trendy': False, 'upscale': False, 'casual': True}"", 'BusinessParking': ""{'garage': False, 'street': False, 'validated': False, 'lot': True, 'valet': False}"", 'WiFi': ""'free'"", 'GoodForMeal': ""{'dessert': False, 'latenight': False, 'lunch': True, 'dinner': True, 'brunch': False, 'breakfast': False}""}","Restaurants, Chinese, Buffets","{'Monday': '0:0-0:0', 'Tuesday': '11:0-22:0', 'Wednesday': '11:0-22:0', 'Thursday': '11:0-22:0', 'Friday': '11:0-22:0', 'Saturday': '11:0-22:0', 'Sunday': '11:0-22:0'}"
FKeg0KQtVfBTLBpt7mBZvA,Caf√© Osceola,9939 Universal Blvd,Orlando,FL,32819,28.42552354,-81.43436281,3.5,54,1,"{'BikeParking': 'False', 'BusinessAcceptsCreditCards': 'True', 'WiFi': ""u'no'"", 'RestaurantsPriceRange2': '2', 'BusinessParking': ""{'garage': False, 'street': False, 'validated': True, 'lot': True, 'valet': True}"", 'HasTV': 'False', 'Ambience': ""{'touristy': False, 'hipster': False, 'romantic': False, 'divey': False, 'intimate': False, 'trendy': False, 'upscale': False, 'classy': False, 'casual': False}"", 'WheelchairAccessible': 'True', 'OutdoorSeating': 'False', 'RestaurantsReservations': 'True', 'GoodForKids': 'True', 'Alcohol': ""u'none'"", 'RestaurantsAttire': ""u'dressy'"", 'Caters': 'False', 'RestaurantsGoodForGroups': 'True', 'RestaurantsDelivery': 'False', 'RestaurantsTableService': 'True', 'BusinessAcceptsBitcoin': 'False', 'NoiseLevel': ""u'quiet'"", 'GoodForMeal': ""{'dessert': False, 'latenight': False, 'lunch': False, 'dinner': False, 'brunch': False, 'breakfast': False}"", 'RestaurantsTakeOut': 'True'}","Restaurants, Specialty Food, Buffets, Salad, Sandwiches, Food","{'Monday': '17:30-22:0', 'Tuesday': '17:30-22:0', 'Wednesday': '17:30-22:0', 'Thursday': '17:30-22:0', 'Friday': '17:30-22:0', 'Saturday': '17:30-22:0', 'Sunday': '17:30-22:0'}"
Nv_O0QRGbHwgTQhDC87rMg,Cafe Gauguin,9840 International Dr,Orlando,FL,32819,28.424006,-81.464245,3,49,1,"{'Alcohol': ""u'full_bar'"", 'GoodForKids': 'True', 'BikeParking': 'False', 'RestaurantsPriceRange2': '2', 'BusinessAcceptsCreditCards': 'True', 'RestaurantsDelivery': 'False', 'RestaurantsGoodForGroups': 'True', 'OutdoorSeating': 'False', 'RestaurantsAttire': ""u'casual'"", 'RestaurantsTakeOut': 'True', 'Caters': 'False', 'RestaurantsReservations': 'False', 'GoodForMeal': ""{'dessert': False, 'latenight': False, 'lunch': False, 'dinner': False, 'brunch': False, 'breakfast': False}"", 'BusinessParking': ""{'garage': True, 'street': False, 'validated': False, 'lot': False, 'valet': True}"", 'NoiseLevel': ""u'average'"", 'ByAppointmentOnly': 'True', 'Ambience': ""{'touristy': True, 'hipster': False, 'romantic': False, 'divey': False, 'intimate': False, 'trendy': False, 'upscale': False, 'classy': False, 'casual': None}"", 'HasTV': 'True'}","American (Traditional), Restaurants, Buffets","{'Monday': '17:0-22:0', 'Tuesday': '17:0-22:0', 'Wednesday': '17:0-22:0', 'Thursday': '17:0-22:0', 'Friday': '17:0-22:0', 'Saturday': '17:0-22:0', 'Sunday': '17:0-22:0'}"
OdbUi0riQRTDqvAHfGaT6g,Cafe Matisse,9700 International Dr,Orlando,FL,32819,28.430395,-81.471863,3,28,1,"{'WiFi': ""u'free'"", 'BusinessParking': ""{'garage': False, 'street': False, 'validated': False, 'lot': True, 'valet': True}"", 'BikeParking': 'False', 'RestaurantsAttire': ""u'casual'"", 'NoiseLevel': ""u'quiet'"", 'BusinessAcceptsCreditCards': 'True', 'RestaurantsPriceRange2': '2', 'OutdoorSeating': 'False', 'RestaurantsReservations': 'True', 'RestaurantsGoodForGroups': 'True', 'HasTV': 'False', 'GoodForKids': 'True', 'RestaurantsDelivery': 'False', 'Caters': 'False', 'GoodForMeal': ""{'dessert': False, 'latenight': False, 'lunch': True, 'dinner': False, 'brunch': False, 'breakfast': False}"", 'RestaurantsTakeOut': 'True', 'WheelchairAccessible': 'True', 'Ambience': ""{'touristy': None, 'hipster': False, 'romantic': False, 'divey': False, 'intimate': False, 'trendy': False, 'upscale': False, 'classy': False, 'casual': None}"", 'Alcohol': ""'none'""}","Restaurants, American (Traditional), Buffets","{'Monday': '6:30-14:0', 'Tuesday': '6:30-14:0', 'Wednesday': '6:30-14:0', 'Thursday': '6:30-14:0', 'Friday': '6:30-14:0', 'Saturday': '6:30-14:0', 'Sunday': '6:30-14:0'}"
1pzN6Qp10vGqfRX66d4q5w,Chef Mickey's,4600 World Dr,Orlando,FL,32830,28.41438544,-81.57438494,3.5,562,1,"{'BusinessParking': ""{'garage': False, 'street': False, 'validated': False, 'lot': True, 'valet': False}"", 'NoiseLevel': ""u'loud'"", 'Alcohol': ""u'none'"", 'DogsAllowed': 'False', 'RestaurantsGoodForGroups': 'True', 'RestaurantsReservations': 'True', 'BikeParking': 'False', 'RestaurantsTakeOut': 'False', 'GoodForKids': 'True', 'HasTV': 'False', 'BusinessAcceptsCreditCards': 'True', 'WiFi': ""'free'"", 'Caters': 'False', 'RestaurantsAttire': ""'casual'"", 'Ambience': ""{'touristy': True, 'hipster': False, 'romantic': False, 'divey': False, 'intimate': False, 'trendy': False, 'upscale': False, 'classy': True, 'casual': True}"", 'RestaurantsPriceRange2': '3', 'GoodForMeal': ""{'dessert': None, 'latenight': False, 'lunch': None, 'dinner': None, 'brunch': None, 'breakfast': True}"", 'HappyHour': 'False', 'RestaurantsDelivery': 'False', 'OutdoorSeating': 'False', 'RestaurantsTableService': 'True'}","American (Traditional), Buffets, Restaurants, Breakfast & Brunch","{'Monday': '7:0-11:30', 'Tuesday': '7:0-11:30', 'Wednesday': '7:0-11:30', 'Thursday': '7:0-11:30', 'Friday': '7:0-11:30', 'Saturday': '7:0-11:30', 'Sunday': '7:0-15:0'}"
B2F2hFXUSbcr8dG69w6iVQ,Cici's Pizza,7437 International Dr,Orlando,FL,32819,28.462827,-81.47375,2.5,102,1,"{'WiFi': ""u'no'"", 'OutdoorSeating': 'False', 'RestaurantsPriceRange2': '1', 'RestaurantsGoodForGroups': 'True', 'GoodForKids': 'True', 'BusinessAcceptsCreditCards': 'True', 'RestaurantsTakeOut': 'True', 'RestaurantsReservations': 'False', 'RestaurantsAttire': ""u'casual'"", 'Alcohol': ""u'none'"", 'HasTV': 'True', 'BusinessParking': ""{'garage': False, 'street': False, 'validated': False, 'lot': True, 'valet': False}"", 'BikeParking': 'True', 'Caters': 'False', 'NoiseLevel': ""u'average'"", 'Ambience': ""{'touristy': None, 'hipster': False, 'romantic': False, 'divey': False, 'intimate': False, 'trendy': False, 'upscale': False, 'classy': False, 'casual': True}"", 'GoodForMeal': ""{'dessert': False, 'latenight': False, 'lunch': True, 'dinner': True, 'brunch': False, 'breakfast': False}"", 'RestaurantsDelivery': 'True'}","American (Traditional), Restaurants, Pizza, Buffets","{'Monday': '11:0-23:0', 'Tuesday': '11:0-23:0', 'Wednesday': '11:0-23:0', 'Thursday': '11:0-23:0', 'Friday': '11:0-23:0', 'Saturday': '11:0-23:0', 'Sunday': '11:0-22:0'}"
mb0IO3qQ0MMNmPypdz37fw,Cici's Pizza,"11701 International Dr, Ste 2200",Orlando,FL,32821,28.39333758,-81.4653115,2.5,32,1,"{'BusinessParking': ""{'garage': False, 'street': False, 'validated': False, 'lot': False, 'valet': False}"", 'OutdoorSeating': 'False', 'Ambience': ""{'touristy': False, 'hipster': False, 'romantic': False, 'divey': False, 'intimate': False, 'trendy': False, 'upscale': False, 'classy': False, 'casual': True}"", 'BikeParking': 'True', 'RestaurantsReservations': 'False', 'BusinessAcceptsCreditCards': 'True', 'GoodForKids': 'True', 'Caters': 'False', 'RestaurantsGoodForGroups': 'True', 'RestaurantsPriceRange2': '1', 'HasTV': 'True', 'NoiseLevel': ""'quiet'"", 'RestaurantsTakeOut': 'True', 'WiFi': ""'no'"", 'RestaurantsAttire': ""'casual'"", 'Alcohol': ""'none'"", 'GoodForMeal': ""{'dessert': True, 'latenight': False, 'lunch': True, 'dinner': False, 'brunch': False, 'breakfast': False}"", 'RestaurantsDelivery': 'True'}","Buffets, Pizza, Restaurants, American (Traditional)","{'Monday': '11:0-22:0', 'Tuesday': '11:0-22:0', 'Wednesday': '11:0-22:0', 'Thursday': '11:0-22:0', 'Friday': '11:0-23:0', 'Saturday': '11:0-23:0', 'Sunday': '11:0-22:0'}"
TNpbiGJJd5iePBj19yTV_A,Cici's Pizza,5035 W Irlo Bronson Memorial Hwy,Kissimmee,FL,34746,28.33363952,-81.48587264,3,55,1,"{'BusinessAcceptsCreditCards': 'True', 'RestaurantsTakeOut': 'True', 'RestaurantsReservations': 'False', 'HasTV': 'True', 'RestaurantsAttire': ""'casual'"", 'OutdoorSeating': 'False', 'BikeParking': 'True', 'RestaurantsGoodForGroups': 'True', 'RestaurantsPriceRange2': '1', 'GoodForKids': 'True', 'NoiseLevel': ""u'average'"", 'BusinessParking': ""{'garage': False, 'street': False, 'validated': False, 'lot': False, 'valet': False}"", 'RestaurantsDelivery': 'True', 'Caters': 'False', 'WiFi': ""u'no'"", 'Alcohol': ""'none'"", 'Ambience': ""{'touristy': None, 'hipster': None, 'romantic': None, 'divey': False, 'intimate': None, 'trendy': None, 'upscale': None, 'classy': None, 'casual': True}""}","Pizza, Buffets, Restaurants, American (Traditional)","{'Monday': '11:0-22:0', 'Tuesday': '11:0-22:0', 'Wednesday': '11:0-22:0', 'Thursday': '11:0-22:0', 'Friday': '11:0-23:0', 'Saturday': '11:0-23:0', 'Sunday': '11:0-22:0'}"
8ardwENx6HbdkQaNv0AIyQ,Cici's Pizza,"13605 Sr 535, Ste 101",Orlando,FL,32821,28.36770152,-81.50177613,3,35,1,"{'RestaurantsTakeOut': 'True', 'HasTV': 'True', 'RestaurantsPriceRange2': '1', 'OutdoorSeating': 'False', 'RestaurantsAttire': ""'casual'"", 'RestaurantsReservations': 'False', 'BikeParking': 'True', 'GoodForKids': 'True', 'Ambience': ""{'romantic': False, 'intimate': False, 'classy': False, 'hipster': False, 'divey': False, 'touristy': False, 'trendy': False, 'upscale': False, 'casual': False}"", 'NoiseLevel': ""u'very_loud'"", 'BusinessAcceptsCreditCards': 'True', 'GoodForMeal': ""{'dessert': False, 'latenight': False, 'lunch': True, 'dinner': False, 'brunch': False, 'breakfast': False}"", 'BusinessParking': ""{'garage': False, 'street': False, 'validated': False, 'lot': True, 'valet': False}"", 'WiFi': ""'no'"", 'RestaurantsGoodForGroups': 'True', 'RestaurantsDelivery': 'True', 'DogsAllowed': 'True', 'Caters': 'True', 'Alcohol': ""'none'""}","Chicken Wings, American (Traditional), Buffets, Restaurants, Pizza","{'Monday': '11:0-22:0', 'Tuesday': '11:0-22:0', 'Wednesday': '11:0-22:0', 'Thursday': '11:0-22:0', 'Friday': '11:0-23:0', 'Saturday': '11:0-23:0', 'Sunday': '11:0-22:0'}"
_715vG1M1uq8zIl05A9MmA,Covington Mill Restaurant,1751 Hotel Plaza Blvd,Orlando,FL,32830,28.37234923,-81.51105111,4,18,1,"{'WiFi': ""u'free'"", 'RestaurantsPriceRange2': '2', 'Alcohol': ""u'beer_and_wine'"", 'RestaurantsGoodForGroups': 'True', 'BikeParking': 'False', 'OutdoorSeating': 'True', 'RestaurantsAttire': ""u'casual'"", 'Ambience': ""{'romantic': False, 'intimate': False, 'classy': False, 'hipster': False, 'divey': False, 'touristy': False, 'trendy': False, 'upscale': False, 'casual': True}"", 'RestaurantsDelivery': 'False', 'RestaurantsReservations': 'True', 'GoodForMeal': ""{'dessert': False, 'latenight': False, 'lunch': False, 'dinner': False, 'brunch': True, 'breakfast': True}"", 'RestaurantsTableService': 'True', 'GoodForKids': 'True', 'BusinessAcceptsCreditCards': 'True', 'NoiseLevel': ""u'average'"", 'BusinessParking': ""{'garage': False, 'street': False, 'validated': True, 'lot': False, 'valet': False}"", 'RestaurantsTakeOut': 'True', 'HasTV': 'True'}","Buffets, American (Traditional), Breakfast & Brunch, Restaurants","{'Monday': '6:0-21:0', 'Tuesday': '6:0-21:0', 'Wednesday': '6:0-21:0', 'Thursday': '6:0-21:0', 'Friday': '6:0-21:0', 'Saturday': '6:0-21:0', 'Sunday': '6:0-21:0'}"
cDl3qwmdFftFsvDAKZo4iw,Crazy Buffet,12237 Orange Blossom Trl,Orlando,FL,32837,28.38806258,-81.4024683,4,6,1,,"Restaurants, Chinese, Buffets, Japanese","{'Monday': '11:0-21:0', 'Tuesday': '11:0-21:0', 'Wednesday': '11:0-21:0', 'Thursday': '11:0-21:0', 'Friday': '11:0-21:30', 'Saturday': '11:0-21:30', 'Sunday': '11:0-21:0'}"
2C1A6GzXXRi_eEieQAmyRg,Crazy Buffet,7038 W Colonial Dr,Orlando,FL,32818,28.55023969,-81.47821621,3.5,240,1,"{'Alcohol': ""u'beer_and_wine'"", 'RestaurantsGoodForGroups': 'True', 'NoiseLevel': ""u'average'"", 'RestaurantsReservations': 'False', 'Caters': 'False', 'Ambience': ""{'romantic': False, 'intimate': False, 'classy': False, 'hipster': False, 'divey': False, 'touristy': False, 'trendy': False, 'upscale': False, 'casual': True}"", 'HasTV': 'True', 'BusinessParking': ""{'garage': False, 'street': False, 'validated': False, 'lot': True, 'valet': False}"", 'BusinessAcceptsCreditCards': 'True', 'GoodForKids': 'True', 'RestaurantsAttire': ""u'casual'"", 'WiFi': ""'no'"", 'RestaurantsPriceRange2': '2', 'BikeParking': 'True', 'DogsAllowed': 'False', 'GoodForMeal': ""{'dessert': None, 'latenight': False, 'lunch': True, 'dinner': True, 'brunch': None, 'breakfast': False}"", 'HappyHour': 'False', 'OutdoorSeating': 'None', 'RestaurantsDelivery': 'None', 'RestaurantsTakeOut': 'None'}","Buffets, Seafood, Restaurants, Asian Fusion, Sushi Bars, Japanese, Chinese","{'Monday': '0:0-0:0', 'Tuesday': '11:0-21:0', 'Wednesday': '11:0-21:0', 'Thursday': '11:0-21:0', 'Friday': '11:0-21:30', 'Saturday': '11:0-21:30', 'Sunday': '11:0-21:0'}"
LEvt2r5fIQ1Iquy7N3KvCA,Crydermans Barbecue,401 Florida Ave,Cocoa,FL,32922,28.354523,-80.7279789,4.5,114,1,"{'RestaurantsAttire': ""'casual'"", 'RestaurantsTakeOut': 'True', 'HasTV': 'False', 'BusinessAcceptsBitcoin': 'False', 'Alcohol': ""u'beer_and_wine'"", 'GoodForKids': 'True', 'Caters': 'True', 'BusinessParking': ""{'garage': False, 'street': True, 'validated': False, 'lot': False, 'valet': False}"", 'NoiseLevel': ""u'average'"", 'RestaurantsGoodForGroups': 'True', 'RestaurantsDelivery': 'False', 'BusinessAcceptsCreditCards': 'True', 'WiFi': ""u'no'"", 'WheelchairAccessible': 'True', 'BikeParking': 'True', 'OutdoorSeating': 'True', 'RestaurantsTableService': 'False', 'RestaurantsPriceRange2': '2', 'GoodForMeal': ""{'dessert': None, 'latenight': None, 'lunch': True, 'dinner': None, 'brunch': None, 'breakfast': None}"", 'Ambience': ""{'touristy': None, 'hipster': None, 'romantic': None, 'divey': None, 'intimate': False, 'trendy': None, 'upscale': False, 'classy': False, 'casual': True}"", 'RestaurantsReservations': 'False', 'HappyHour': 'False', 'DogsAllowed': 'True'}","Barbeque, Event Planning & Services, Buffets, Restaurants, Sandwiches, Caterers","{'Tuesday': '11:0-18:30', 'Wednesday': '11:0-18:30', 'Thursday': '11:0-18:30', 'Friday': '11:0-18:30', 'Saturday': '11:0-18:30', 'Sunday': '11:0-18:30'}"
hla1pV9SYTCZRzzxDVXz3g,Curry House Indian Cuisine,11352 S Orange Blossom Trl,Orlando,FL,32837,28.400268,-81.406283,4.5,16,1,"{'RestaurantsReservations': 'True', 'BusinessAcceptsBitcoin': 'False', 'DogsAllowed': 'False', 'RestaurantsTableService': 'True', 'BusinessParking': ""{'garage': False, 'street': True, 'validated': False, 'lot': False, 'valet': False}"", 'OutdoorSeating': 'False', 'Caters': 'True', 'Corkage': 'False', 'BikeParking': 'True', 'Alcohol': ""u'beer_and_wine'"", 'RestaurantsDelivery': 'None', 'BusinessAcceptsCreditCards': 'True', 'BYOB': 'False', 'WheelchairAccessible': 'True', 'RestaurantsTakeOut': 'True', 'HasTV': 'True', 'WiFi': ""u'free'""}","Restaurants, Indian, Buffets","{'Tuesday': '12:0-21:0', 'Wednesday': '12:0-21:0', 'Thursday': '12:0-21:0', 'Friday': '12:0-21:0', 'Saturday': '12:0-21:0', 'Sunday': '12:0-21:0'}"
hmcXUPprL7ju7nzJlPIqlg,El Palacio Buffet,909 West Vine St,Kissimmee,FL,34741,28.3050622,-81.4125812,4,38,1,"{'BusinessAcceptsCreditCards': 'True', 'RestaurantsTakeOut': 'True', 'RestaurantsGoodForGroups': 'True', 'GoodForKids': 'True', 'Ambience': ""{'touristy': False, 'hipster': False, 'romantic': False, 'divey': False, 'intimate': False, 'trendy': False, 'upscale': False, 'classy': True, 'casual': False}"", 'GoodForMeal': ""{'dessert': None, 'latenight': None, 'lunch': None, 'dinner': True, 'brunch': None, 'breakfast': None}"", 'RestaurantsTableService': 'True', 'RestaurantsDelivery': 'True', 'BusinessParking': ""{'garage': None, 'street': None, 'validated': None, 'lot': True, 'valet': False}"", 'HasTV': 'True'}","Chinese, Restaurants, Latin American, Buffets",
J9e7IUn_FmZ7Y-OtUql6Ug,El Palacio Buffet,7403 S Orange Blossom Trl,Orlando,FL,32809,28.458374,-81.39813,3.5,152,1,"{'RestaurantsDelivery': 'False', 'WiFi': ""u'no'"", 'RestaurantsGoodForGroups': 'True', 'BusinessParking': ""{'garage': False, 'street': False, 'validated': False, 'lot': True, 'valet': False}"", 'NoiseLevel': ""'average'"", 'Caters': 'False', 'RestaurantsAttire': ""u'casual'"", 'GoodForKids': 'True', 'OutdoorSeating': 'False', 'RestaurantsReservations': 'False', 'GoodForMeal': ""{'dessert': False, 'latenight': False, 'lunch': True, 'dinner': True, 'brunch': False, 'breakfast': False}"", 'Alcohol': ""'none'"", 'BusinessAcceptsCreditCards': 'True', 'RestaurantsTakeOut': 'True', 'BikeParking': 'True', 'RestaurantsTableService': 'True', 'HasTV': 'True', 'RestaurantsPriceRange2': '2', 'Ambience': ""{'touristy': False, 'hipster': False, 'romantic': False, 'divey': False, 'intimate': False, 'trendy': False, 'upscale': False, 'classy': True, 'casual': True}""}","Desserts, Restaurants, Buffets, Latin American, Food, Noodles","{'Monday': '10:30-22:0', 'Tuesday': '10:30-22:0', 'Wednesday': '10:30-22:0', 'Thursday': '10:30-22:0', 'Friday': '10:30-22:0', 'Saturday': '10:30-22:0', 'Sunday': '10:30-22:0'}"
GLHa2PtTm9wL_cUvEYxkHQ,El Palacio Buffet,843 Lee Rd,Orlando,FL,32810,28.608212,-81.393125,1.5,26,1,"{'HasTV': 'True', 'RestaurantsReservations': 'False', 'BusinessParking': ""{'garage': False, 'street': False, 'validated': False, 'lot': False, 'valet': False}"", 'RestaurantsGoodForGroups': 'True', 'GoodForMeal': ""{'dessert': False, 'latenight': False, 'lunch': False, 'dinner': False, 'brunch': False, 'breakfast': False}"", 'Ambience': ""{'touristy': False, 'hipster': False, 'romantic': False, 'divey': False, 'intimate': False, 'trendy': False, 'upscale': False, 'classy': False, 'casual': False}"", 'BusinessAcceptsCreditCards': 'True', 'RestaurantsTakeOut': 'True', 'RestaurantsDelivery': 'True'}","Spanish, Restaurants, Buffets, Latin American","{'Monday': '10:30-22:0', 'Tuesday': '10:30-22:0', 'Wednesday': '10:30-22:0', 'Thursday': '10:30-22:0', 'Friday': '10:0-22:0', 'Saturday': '10:30-22:0', 'Sunday': '10:30-22:0'}"
GrVFM_LptHyjc29h1rjVaA,El Potro,"501 N Orlando Ave, Ste 217",Winter Park,FL,32789,28.604826,-81.367837,4,248,1,"{'RestaurantsReservations': 'False', 'BikeParking': 'True', 'BusinessParking': ""{'garage': False, 'street': False, 'validated': False, 'lot': True, 'valet': False}"", 'Caters': 'True', 'BusinessAcceptsCreditCards': 'True', 'OutdoorSeating': 'True', 'Alcohol': ""u'beer_and_wine'"", 'Ambience': ""{'romantic': False, 'intimate': False, 'touristy': False, 'hipster': False, 'divey': False, 'classy': False, 'trendy': False, 'upscale': False, 'casual': True}"", 'RestaurantsTakeOut': 'True', 'GoodForKids': 'True', 'RestaurantsGoodForGroups': 'True', 'RestaurantsAttire': ""'casual'"", 'HasTV': 'True', 'NoiseLevel': ""u'average'"", 'WiFi': ""'free'"", 'GoodForMeal': ""{'dessert': None, 'latenight': False, 'lunch': True, 'dinner': True, 'brunch': None, 'breakfast': False}"", 'RestaurantsPriceRange2': '2', 'RestaurantsDelivery': 'None', 'DogsAllowed': 'False', 'RestaurantsTableService': 'True'}","Buffets, Restaurants, Mexican","{'Monday': '11:0-22:0', 'Tuesday': '11:0-22:0', 'Wednesday': '11:0-22:0', 'Thursday': '11:0-22:0', 'Friday': '11:0-22:30', 'Saturday': '11:0-22:30', 'Sunday': '11:0-21:30'}"
Gj18ANQXr8x9H8IVTKKX6Q,Estrella Latina,7371 Lake Underhill Rd,Orlando,FL,32822,28.5396008,-81.2862606,3,8,1,"{'Alcohol': ""u'none'"", 'BusinessParking': ""{'garage': False, 'street': False, 'validated': False, 'lot': False, 'valet': False}"", 'RestaurantsPriceRange2': '1', 'Corkage': 'True', 'RestaurantsTakeOut': 'True', 'RestaurantsAttire': ""u'casual'"", 'RestaurantsGoodForGroups': 'True', 'RestaurantsTableService': 'True', 'WheelchairAccessible': 'True', 'RestaurantsReservations': 'False', 'BikeParking': 'True', 'Ambience': ""{'romantic': False, 'intimate': False, 'classy': False, 'hipster': False, 'divey': False, 'touristy': False, 'trendy': False, 'upscale': False, 'casual': False}"", 'WiFi': ""u'free'"", 'BusinessAcceptsCreditCards': 'True', 'GoodForKids': 'True', 'RestaurantsDelivery': 'False', 'BYOB': 'False', 'Caters': 'True', 'HasTV': 'True', 'OutdoorSeating': 'False'}","Buffets, Latin American, Restaurants","{'Monday': '6:0-21:0', 'Tuesday': '6:0-21:0', 'Wednesday': '6:0-21:0', 'Thursday': '6:0-21:0', 'Friday': '6:0-21:0', 'Saturday': '6:0-21:0', 'Sunday': '9:0-21:0'}"
wdLw1A1ytkTB7RKY4gIkjA,Fresh Mediterranean Market,1500 Epcot Resorts Blvd,Lake Buena Vista,FL,32830,28.3672255,-81.560413,3.5,54,1,"{'RestaurantsGoodForGroups': 'True', 'GoodForKids': 'True', 'RestaurantsAttire': ""u'casual'"", 'RestaurantsDelivery': 'False', 'RestaurantsPriceRange2': '2', 'OutdoorSeating': 'False', 'Ambience': ""{'touristy': True, 'hipster': False, 'romantic': False, 'divey': False, 'intimate': False, 'trendy': False, 'upscale': False, 'classy': None, 'casual': True}"", 'Alcohol': ""u'beer_and_wine'"", 'BusinessAcceptsCreditCards': 'True', 'WiFi': ""'free'"", 'GoodForMeal': ""{'dessert': False, 'latenight': False, 'lunch': False, 'dinner': False, 'brunch': False, 'breakfast': True}"", 'Caters': 'False', 'HasTV': 'False', 'RestaurantsReservations': 'True', 'BikeParking': 'False', 'RestaurantsTakeOut': 'False', 'RestaurantsTableService': 'True', 'NoiseLevel': ""u'average'"", 'BusinessParking': ""{'garage': None, 'street': False, 'validated': False, 'lot': None, 'valet': False}""}","Restaurants, Middle Eastern, Food, Grocery, Buffets, Mediterranean, Breakfast & Brunch","{'Monday': '7:0-14:0', 'Tuesday': '7:0-14:0', 'Wednesday': '7:0-14:0', 'Thursday': '7:0-14:0', 'Friday': '7:0-14:0', 'Saturday': '7:0-14:0', 'Sunday': '7:0-14:0'}"
aSrwFbp5NdtaHvZvRCSmeg,Garden Grill Restaurant,1510 N Cove Rd,Orlando,FL,32830,28.3739667,-81.5526643,4,250,1,"{'GoodForKids': 'True', 'RestaurantsDelivery': 'False', 'WiFi': ""'free'"", 'RestaurantsPriceRange2': '3', 'RestaurantsReservations': 'True', 'BikeParking': 'False', 'BusinessAcceptsCreditCards': 'True', 'OutdoorSeating': 'False', 'RestaurantsTakeOut': 'False', 'RestaurantsAttire': ""u'casual'"", 'NoiseLevel': ""u'average'"", 'RestaurantsGoodForGroups': 'True', 'Caters': 'False', 'RestaurantsTableService': 'True', 'HasTV': 'True', 'WheelchairAccessible': 'True', 'GoodForMeal': ""{'dessert': None, 'latenight': False, 'lunch': True, 'dinner': True, 'brunch': None, 'breakfast': None}"", 'Alcohol': ""u'beer_and_wine'"", 'BusinessParking': ""{'garage': False, 'street': False, 'validated': False, 'lot': None, 'valet': False}"", 'Ambience': ""{'touristy': True, 'hipster': False, 'romantic': False, 'divey': False, 'intimate': False, 'trendy': False, 'upscale': False, 'classy': True, 'casual': True}"", 'HappyHour': 'False', 'DogsAllowed': 'False'}","American (Traditional), Restaurants, Buffets","{'Monday': '12:0-20:0', 'Tuesday': '12:0-20:0', 'Wednesday': '12:0-20:0', 'Thursday': '12:0-20:0', 'Friday': '11:30-20:0', 'Saturday': '11:30-20:0', 'Sunday': '11:30-20:0'}"
#NAME?,Garden Grove,1200 Epcot Resorts Blvd,Lake Buena Vista,FL,32830,28.3647654,-81.559242,2.5,107,1,"{'GoodForKids': 'True', 'RestaurantsAttire': ""u'casual'"", 'RestaurantsReservations': 'True', 'Ambience': ""{'touristy': True, 'hipster': False, 'romantic': False, 'divey': False, 'intimate': False, 'trendy': False, 'upscale': False, 'classy': False, 'casual': True}"", 'RestaurantsGoodForGroups': 'True', 'Alcohol': ""'full_bar'"", 'RestaurantsDelivery': 'False', 'NoiseLevel': ""u'average'"", 'RestaurantsTakeOut': 'False', 'BusinessAcceptsCreditCards': 'True', 'Caters': 'False', 'BusinessParking': ""{'garage': False, 'street': False, 'validated': False, 'lot': True, 'valet': False}"", 'OutdoorSeating': 'False', 'RestaurantsPriceRange2': '2', 'HasTV': 'False', 'WiFi': ""u'free'"", 'GoodForMeal': ""{'dessert': True, 'latenight': False, 'lunch': False, 'dinner': True, 'brunch': True, 'breakfast': False}"", 'BikeParking': 'False', 'RestaurantsTableService': 'True'}","Buffets, Restaurants","{'Monday': '7:0-11:30', 'Thursday': '7:0-11:30', 'Friday': '7:0-11:30', 'Saturday': '7:0-11:30', 'Sunday': '7:0-11:30'}"
2CMrHsjj4R4mVzmetypyFw,Gateway To India,790 E State Rd 434,Longwood,FL,32750,28.6974894,-81.3336242,4,184,1,"{'WiFi': ""u'free'"", 'HasTV': 'True', 'GoodForKids': 'True', 'RestaurantsReservations': 'True', 'BusinessParking': ""{'garage': False, 'street': False, 'validated': False, 'lot': True, 'valet': False}"", 'RestaurantsTakeOut': 'True', 'RestaurantsGoodForGroups': 'True', 'NoiseLevel': ""u'quiet'"", 'Alcohol': ""'beer_and_wine'"", 'RestaurantsAttire': ""'casual'"", 'BikeParking': 'True', 'BusinessAcceptsCreditCards': 'True', 'RestaurantsDelivery': 'True', 'RestaurantsTableService': 'True', 'Ambience': ""{'touristy': False, 'hipster': False, 'romantic': False, 'divey': False, 'intimate': None, 'trendy': False, 'upscale': False, 'classy': None, 'casual': True}"", 'WheelchairAccessible': 'True', 'OutdoorSeating': 'True', 'Caters': 'True', 'RestaurantsPriceRange2': '2', 'Music': ""{'dj': False, 'background_music': False, 'no_music': False, 'jukebox': False, 'live': False, 'video': False, 'karaoke': False}"", 'ByAppointmentOnly': 'False', 'HappyHour': 'True', 'CoatCheck': 'False', 'BYOB': 'False', 'GoodForDancing': 'False', 'BusinessAcceptsBitcoin': 'False', 'DogsAllowed': 'True', 'GoodForMeal': ""{'dessert': None, 'latenight': False, 'lunch': True, 'dinner': True, 'brunch': False, 'breakfast': False}"", 'Corkage': 'True', 'Smoking': ""u'outdoor'""}","Pakistani, Beer, Wine & Spirits, Food Delivery Services, Indian, Bars, Wine Bars, Buffets, Halal, Caterers, Event Planning & Services, Herbs & Spices, Wedding Planning, Specialty Food, Food, Restaurants, Vegan, Seafood, Vegetarian, Nightlife, Beer Bar","{'Monday': '11:30-21:30', 'Tuesday': '11:30-21:30', 'Wednesday': '11:30-21:30', 'Thursday': '11:30-21:30', 'Friday': '11:30-21:30', 'Saturday': '11:30-21:30', 'Sunday': '11:30-21:30'}"
YiNBEgOGONm1vq7QMfjkjg,Giant Panda,11726 E Colonial Dr,Orlando,FL,32817,28.5664058,-81.2094952,3,159,1,"{'Caters': 'False', 'RestaurantsPriceRange2': '2', 'Ambience': ""{'romantic': False, 'intimate': False, 'touristy': False, 'hipster': False, 'divey': False, 'classy': False, 'trendy': False, 'upscale': False, 'casual': True}"", 'RestaurantsDelivery': 'False', 'Alcohol': ""u'beer_and_wine'"", 'NoiseLevel': ""u'average'"", 'WiFi': ""u'free'"", 'RestaurantsReservations': 'True', 'GoodForKids': 'True', 'HasTV': 'True', 'RestaurantsGoodForGroups': 'True', 'GoodForMeal': ""{'dessert': None, 'latenight': False, 'lunch': True, 'dinner': True, 'brunch': False, 'breakfast': False}"", 'BusinessAcceptsCreditCards': 'True', 'BusinessParking': ""{'garage': False, 'street': False, 'validated': False, 'lot': True, 'valet': False}"", 'BikeParking': 'True', 'RestaurantsAttire': ""u'casual'"", 'RestaurantsTakeOut': 'True', 'OutdoorSeating': 'False'}","Buffets, Restaurants, Japanese, Sushi Bars, Chinese, Asian Fusion","{'Monday': '11:0-22:0', 'Tuesday': '11:0-22:0', 'Wednesday': '11:0-22:0', 'Thursday': '11:0-22:0', 'Friday': '11:0-23:0', 'Saturday': '11:0-23:0', 'Sunday': '11:0-22:0'}"
lD62IuTkmNXwNc9_BNYr_w,Golden Corral Buffet & Grill,11731 E. Colonial Drive,Orlando,FL,32817,28.567946,-81.2094671,3,69,1,"{'RestaurantsAttire': ""u'casual'"", 'BusinessAcceptsCreditCards': 'True', 'WiFi': ""'no'"", 'RestaurantsTakeOut': 'True', 'RestaurantsPriceRange2': '2', 'BusinessParking': ""{'garage': False, 'street': False, 'validated': False, 'lot': True, 'valet': False}"", 'Alcohol': ""u'none'"", 'RestaurantsReservations': 'False', 'NoiseLevel': ""u'average'"", 'GoodForKids': 'True', 'RestaurantsGoodForGroups': 'True', 'OutdoorSeating': 'False', 'BikeParking': 'True', 'Caters': 'False', 'GoodForMeal': ""{'dessert': None, 'latenight': False, 'lunch': True, 'dinner': True, 'brunch': None, 'breakfast': None}"", 'RestaurantsDelivery': 'True', 'Ambience': ""{'touristy': False, 'hipster': False, 'romantic': False, 'divey': False, 'intimate': False, 'trendy': False, 'upscale': False, 'classy': False, 'casual': None}"", 'HasTV': 'True'}","Restaurants, Buffets, American (Traditional)","{'Monday': '10:45-21:0', 'Tuesday': '10:45-21:0', 'Wednesday': '10:45-21:0', 'Thursday': '10:45-21:0', 'Friday': '10:45-22:0', 'Saturday': '7:30-22:0', 'Sunday': '7:30-21:0'}"
EIVG9fe45-Meyg4uHv_2lQ,Golden Corral Buffet & Grill,7251 West Colonial Drive,Orlando,FL,32818,28.552647,-81.4798602,2.5,22,1,"{'BusinessAcceptsCreditCards': 'True', 'RestaurantsAttire': ""u'casual'"", 'OutdoorSeating': 'False', 'RestaurantsGoodForGroups': 'True', 'RestaurantsReservations': 'False', 'GoodForKids': 'True', 'RestaurantsTakeOut': 'True', 'Caters': 'False', 'Alcohol': ""u'none'"", 'NoiseLevel': ""u'average'"", 'BikeParking': 'False', 'RestaurantsTableService': 'False', 'GoodForMeal': ""{'dessert': False, 'latenight': False, 'lunch': True, 'dinner': True, 'brunch': False, 'breakfast': False}"", 'RestaurantsDelivery': 'True', 'HasTV': 'True', 'RestaurantsPriceRange2': '2', 'Ambience': ""{'touristy': False, 'hipster': False, 'romantic': False, 'divey': False, 'intimate': False, 'trendy': False, 'upscale': False, 'classy': False, 'casual': False}"", 'BusinessParking': ""{'garage': False, 'street': False, 'validated': False, 'lot': False, 'valet': False}"", 'WiFi': ""u'no'""}","American (Traditional), Restaurants, Buffets","{'Monday': '10:45-21:0', 'Tuesday': '10:45-21:0', 'Wednesday': '10:45-21:0', 'Thursday': '10:45-21:0', 'Friday': '10:45-22:0', 'Saturday': '7:30-22:0', 'Sunday': '7:30-21:0'}"
zqa5digfaYKtzgOnx8tzSQ,Golden Corral Buffet & Grill,5535 S Kirkman Rd,Orlando,FL,32819,28.481931,-81.457824,2,72,1,"{'BusinessAcceptsCreditCards': 'True', 'RestaurantsGoodForGroups': 'True', 'WiFi': ""u'no'"", 'OutdoorSeating': 'False', 'BikeParking': 'False', 'GoodForKids': 'True', 'RestaurantsReservations': 'False', 'RestaurantsAttire': ""'casual'"", 'NoiseLevel': ""u'average'"", 'Alcohol': ""u'none'"", 'RestaurantsPriceRange2': '2', 'RestaurantsTableService': 'False', 'RestaurantsDelivery': 'True', 'GoodForMeal': ""{'dessert': None, 'latenight': None, 'lunch': True, 'dinner': True, 'brunch': None, 'breakfast': None}"", 'Ambience': ""{'touristy': None, 'hipster': False, 'romantic': False, 'divey': None, 'intimate': False, 'trendy': None, 'upscale': None, 'classy': False, 'casual': True}"", 'BusinessParking': ""{'garage': None, 'street': None, 'validated': None, 'lot': True, 'valet': False}"", 'HasTV': 'True', 'RestaurantsTakeOut': 'True'}","Buffets, American (Traditional), Restaurants","{'Monday': '7:30-22:0', 'Tuesday': '7:30-22:0', 'Wednesday': '7:30-22:0', 'Thursday': '7:30-22:0', 'Friday': '7:30-22:0', 'Saturday': '7:30-22:0', 'Sunday': '7:30-22:0'}"
_Zn7bmef51dkorKR8M91sw,Golden Corral Buffet & Grill,8707 Vineland Avenue,Orlando,FL,32821,28.3759577,-81.5034908,2.5,160,1,"{'NoiseLevel': ""u'average'"", 'WiFi': ""u'no'"", 'RestaurantsPriceRange2': '2', 'OutdoorSeating': 'False', 'GoodForKids': 'True', 'Alcohol': ""u'none'"", 'RestaurantsAttire': ""u'casual'"", 'RestaurantsReservations': 'False', 'RestaurantsTakeOut': 'True', 'RestaurantsGoodForGroups': 'True', 'Caters': 'False', 'BusinessAcceptsCreditCards': 'True', 'BusinessParking': ""{'garage': False, 'street': False, 'validated': False, 'lot': True, 'valet': False}"", 'BikeParking': 'True', 'HasTV': 'True', 'Ambience': ""{'touristy': None, 'hipster': False, 'romantic': False, 'divey': None, 'intimate': False, 'trendy': False, 'upscale': False, 'classy': False, 'casual': True}"", 'GoodForMeal': ""{'dessert': None, 'latenight': False, 'lunch': True, 'dinner': True, 'brunch': None, 'breakfast': True}"", 'RestaurantsDelivery': 'True'}","Restaurants, Buffets, American (Traditional)","{'Monday': '7:30-23:0', 'Tuesday': '7:30-23:0', 'Wednesday': '7:30-23:0', 'Thursday': '7:30-23:0', 'Friday': '7:30-23:0', 'Saturday': '7:30-23:0', 'Sunday': '7:30-23:0'}"
pOuNx0bkXJ1QibLSBxDgig,Golden Corral Buffet & Grill,6077 W. Irlo Bronson Memorial,Celebration,FL,34747,28.3338,-81.52745,2,107,1,"{'RestaurantsPriceRange2': '2', 'NoiseLevel': ""'loud'"", 'WiFi': ""'no'"", 'Ambience': ""{'touristy': True, 'hipster': False, 'romantic': False, 'divey': False, 'intimate': False, 'trendy': False, 'upscale': False, 'classy': False, 'casual': True}"", 'GoodForKids': 'True', 'BikeParking': 'False', 'Alcohol': ""'none'"", 'OutdoorSeating': 'False', 'RestaurantsReservations': 'False', 'RestaurantsGoodForGroups': 'True', 'Caters': 'False', 'BusinessAcceptsCreditCards': 'True', 'RestaurantsAttire': ""'casual'"", 'HasTV': 'False', 'GoodForMeal': ""{'dessert': True, 'latenight': None, 'lunch': True, 'dinner': True, 'brunch': True, 'breakfast': True}"", 'RestaurantsDelivery': 'True', 'RestaurantsTakeOut': 'True', 'BusinessParking': ""{'garage': False, 'street': False, 'validated': False, 'lot': True, 'valet': False}""}","Buffets, Restaurants, Breakfast & Brunch, American (Traditional)","{'Monday': '7:30-23:0', 'Tuesday': '7:30-23:0', 'Wednesday': '7:30-23:0', 'Thursday': '7:30-23:0', 'Friday': '7:30-23:0', 'Saturday': '7:30-23:0', 'Sunday': '7:30-23:0'}"
QfWyyGjzgzNY_Qy7LZFV4A,Golden Corral Buffet & Grill,11701 International Dr,Orlando,FL,32821,28.3938344,-81.4648889,3.5,112,1,"{'RestaurantsGoodForGroups': 'True', 'Caters': 'True', 'RestaurantsAttire': ""'casual'"", 'OutdoorSeating': 'False', 'HasTV': 'False', 'Alcohol': ""'none'"", 'RestaurantsTakeOut': 'True', 'WiFi': ""'no'"", 'BusinessAcceptsCreditCards': 'True', 'RestaurantsPriceRange2': '2', 'GoodForKids': 'True', 'Ambience': ""{'touristy': None, 'hipster': False, 'romantic': False, 'divey': False, 'intimate': False, 'trendy': False, 'upscale': False, 'classy': False, 'casual': True}"", 'BusinessParking': ""{'garage': False, 'street': None, 'validated': False, 'lot': True, 'valet': False}"", 'RestaurantsTableService': 'True', 'RestaurantsReservations': 'False', 'RestaurantsDelivery': 'True', 'BikeParking': 'True', 'NoiseLevel': ""u'average'"", 'GoodForMeal': ""{'dessert': True, 'latenight': False, 'lunch': True, 'dinner': True, 'brunch': False, 'breakfast': False}""}","Breakfast & Brunch, Restaurants, American (Traditional), Buffets","{'Monday': '10:0-21:30', 'Tuesday': '10:0-21:30', 'Wednesday': '10:0-21:30', 'Thursday': '10:0-21:30', 'Friday': '7:30-22:0', 'Saturday': '7:30-22:0', 'Sunday': '7:30-21:30'}"
q2fO6kwLEa6PoCgy6_L1Dg,Golden Corral Buffet & Grill,2701 W Vine St,Kissimmee,FL,34741,28.305127,-81.430774,3.5,53,1,"{'Caters': 'False', 'RestaurantsGoodForGroups': 'True', 'BusinessAcceptsCreditCards': 'True', 'RestaurantsReservations': 'False', 'GoodForKids': 'True', 'BusinessParking': ""{'garage': False, 'street': False, 'validated': False, 'lot': True, 'valet': False}"", 'RestaurantsPriceRange2': '2', 'RestaurantsAttire': ""u'casual'"", 'OutdoorSeating': 'False', 'HasTV': 'True', 'NoiseLevel': ""u'loud'"", 'WiFi': ""'free'"", 'BikeParking': 'True', 'Alcohol': ""'none'"", 'GoodForMeal': ""{'dessert': False, 'latenight': False, 'lunch': True, 'dinner': False, 'brunch': True, 'breakfast': True}"", 'RestaurantsTakeOut': 'True', 'RestaurantsDelivery': 'True', 'Ambience': ""{'touristy': None, 'hipster': None, 'romantic': None, 'divey': None, 'intimate': None, 'trendy': None, 'upscale': None, 'classy': None, 'casual': True}""}","American (Traditional), Breakfast & Brunch, Restaurants, Buffets","{'Monday': '10:0-22:0', 'Tuesday': '10:0-22:0', 'Wednesday': '10:0-22:0', 'Thursday': '10:0-22:0', 'Friday': '7:30-22:0', 'Saturday': '7:30-22:0', 'Sunday': '7:30-22:0'}"
Tm_28r-suhH8dUkjRoMjAA,Golden Corral Buffet & Grill,8032 International Drive,Orlando,FL,32819,28.4488462,-81.4726108,2.5,123,1,"{'BikeParking': 'True', 'OutdoorSeating': 'False', 'RestaurantsPriceRange2': '2', 'BusinessAcceptsCreditCards': 'True', 'Alcohol': ""u'none'"", 'RestaurantsAttire': ""u'casual'"", 'RestaurantsReservations': 'False', 'GoodForKids': 'True', 'RestaurantsGoodForGroups': 'True', 'NoiseLevel': ""'average'"", 'BusinessParking': ""{'garage': False, 'street': False, 'validated': False, 'lot': True, 'valet': False}"", 'WheelchairAccessible': 'True', 'RestaurantsDelivery': 'True', 'RestaurantsTableService': 'True', 'HasTV': 'True', 'Caters': 'False', 'WiFi': ""'no'"", 'RestaurantsTakeOut': 'True', 'GoodForMeal': ""{'dessert': True, 'latenight': None, 'lunch': True, 'dinner': True, 'brunch': True, 'breakfast': False}"", 'Ambience': ""{'touristy': True, 'hipster': False, 'romantic': False, 'divey': False, 'intimate': False, 'trendy': False, 'upscale': False, 'classy': False, 'casual': True}""}","Buffets, American (Traditional), Chinese, Restaurants","{'Monday': '7:30-23:0', 'Tuesday': '7:30-23:0', 'Wednesday': '7:30-23:0', 'Thursday': '7:30-23:0', 'Friday': '7:30-23:0', 'Saturday': '7:30-23:0', 'Sunday': '7:30-23:0'}"
cKfE2R3q3jHOAQIS8_ahmg,Golden Corral Buffet & Grill,897 West Town Parkway,Altamonte Springs,FL,32714,28.658796,-81.418373,2.5,60,1,"{'RestaurantsReservations': 'False', 'NoiseLevel': ""u'very_loud'"", 'RestaurantsPriceRange2': '2', 'RestaurantsTakeOut': 'True', 'RestaurantsAttire': ""u'casual'"", 'RestaurantsGoodForGroups': 'True', 'Caters': 'False', 'GoodForKids': 'True', 'BusinessParking': ""{'garage': False, 'street': False, 'validated': False, 'lot': True, 'valet': False}"", 'WiFi': ""'free'"", 'Ambience': ""{'romantic': False, 'intimate': False, 'classy': False, 'hipster': False, 'divey': False, 'touristy': False, 'trendy': False, 'upscale': False, 'casual': True}"", 'BusinessAcceptsCreditCards': 'True', 'OutdoorSeating': 'False', 'HasTV': 'True', 'RestaurantsTableService': 'False', 'DriveThru': 'False', 'RestaurantsDelivery': 'True', 'BikeParking': 'True', 'DogsAllowed': 'False', 'Alcohol': ""u'none'"", 'GoodForMeal': ""{'dessert': None, 'latenight': False, 'lunch': True, 'dinner': True, 'brunch': True, 'breakfast': True}""}","Fast Food, Buffets, Breakfast & Brunch, American (Traditional), Restaurants","{'Monday': '10:45-22:0', 'Tuesday': '10:45-22:0', 'Wednesday': '10:45-22:0', 'Thursday': '10:45-22:0', 'Friday': '10:45-22:0', 'Saturday': '7:30-22:0', 'Sunday': '7:30-22:0'}"
HeHoNEvd1aWlmlyITaH9bw,Golden Corral Buffet & Grill,2328 S. Semoran Blvd.,Orlando,FL,32822,28.5159027,-81.3109725,2.5,62,1,"{'WiFi': ""u'no'"", 'HasTV': 'False', 'Caters': 'False', 'RestaurantsPriceRange2': '2', 'BusinessParking': ""{'garage': False, 'street': False, 'validated': False, 'lot': True, 'valet': False}"", 'Ambience': ""{'romantic': False, 'intimate': False, 'touristy': False, 'hipster': False, 'divey': False, 'classy': False, 'trendy': False, 'upscale': False, 'casual': True}"", 'OutdoorSeating': 'False', 'GoodForKids': 'True', 'NoiseLevel': ""u'loud'"", 'RestaurantsReservations': 'False', 'Alcohol': ""'none'"", 'RestaurantsTakeOut': 'True', 'BusinessAcceptsCreditCards': 'True', 'RestaurantsGoodForGroups': 'True', 'BikeParking': 'True', 'RestaurantsAttire': ""'casual'"", 'RestaurantsTableService': 'True', 'GoodForMeal': ""{'dessert': False, 'latenight': False, 'lunch': True, 'dinner': True, 'brunch': False, 'breakfast': True}"", 'RestaurantsDelivery': 'True'}","Restaurants, Buffets, American (Traditional)","{'Monday': '10:45-22:0', 'Tuesday': '10:45-22:0', 'Wednesday': '10:45-22:0', 'Thursday': '10:45-22:0', 'Friday': '10:45-22:0', 'Saturday': '7:30-22:0', 'Sunday': '7:30-22:0'}"
6_xgMJrpfQWOBBcofc_QmQ,Golden Corral Buffet & Grill,1555 Grand Hwy,Clermont,FL,34711,28.54607652,-81.73922539,3,34,1,"{'OutdoorSeating': 'False', 'GoodForKids': 'True', 'BikeParking': 'True', 'BusinessParking': ""{'garage': False, 'street': False, 'validated': False, 'lot': False, 'valet': False}"", 'WiFi': ""u'no'"", 'RestaurantsGoodForGroups': 'True', 'Alcohol': ""u'none'"", 'RestaurantsPriceRange2': '2', 'NoiseLevel': ""u'average'"", 'GoodForMeal': ""{'dessert': False, 'latenight': False, 'lunch': True, 'dinner': True, 'brunch': True, 'breakfast': True}"", 'RestaurantsReservations': 'False', 'RestaurantsAttire': ""u'casual'"", 'RestaurantsTakeOut': 'True', 'BusinessAcceptsCreditCards': 'True', 'HasTV': 'True', 'RestaurantsTableService': 'True', 'Ambience': ""{'touristy': False, 'hipster': False, 'romantic': False, 'divey': False, 'intimate': False, 'trendy': False, 'upscale': False, 'classy': False, 'casual': False}"", 'RestaurantsDelivery': 'True'}","Buffets, Restaurants, American (Traditional), Breakfast & Brunch, Chicken Wings","{'Monday': '10:45-21:0', 'Tuesday': '10:45-21:0', 'Wednesday': '10:45-21:0', 'Thursday': '10:45-21:0', 'Friday': '10:45-22:0', 'Saturday': '7:30-22:0', 'Sunday': '7:30-21:0'}"
GE2mJQ-4v1ljxdr0wx0bIw,Harvest Bistro,14100 Bonnet Creek Resort Ln,Orlando,FL,32821,28.35622256,-81.53420151,4,84,1,"{'GoodForKids': 'True', 'NoiseLevel': ""'average'"", 'BusinessAcceptsCreditCards': 'True', 'OutdoorSeating': 'True', 'BikeParking': 'False', 'RestaurantsPriceRange2': '2', 'RestaurantsAttire': ""u'casual'"", 'RestaurantsDelivery': 'False', 'RestaurantsGoodForGroups': 'True', 'RestaurantsReservations': 'True', 'WiFi': ""'free'"", 'Alcohol': ""'full_bar'"", 'Caters': 'False', 'RestaurantsTakeOut': 'True', 'BusinessParking': ""{'garage': False, 'street': False, 'validated': False, 'lot': None, 'valet': False}"", 'GoodForMeal': ""{'dessert': None, 'latenight': False, 'lunch': True, 'dinner': True, 'brunch': None, 'breakfast': True}"", 'Ambience': ""{'touristy': None, 'hipster': None, 'romantic': None, 'divey': False, 'intimate': None, 'trendy': None, 'upscale': None, 'classy': True, 'casual': True}"", 'HasTV': 'True', 'RestaurantsTableService': 'True'}","Buffets, Sandwiches, Restaurants","{'Monday': '7:0-22:0', 'Tuesday': '7:0-22:0', 'Wednesday': '7:0-22:0', 'Thursday': '7:0-22:0', 'Friday': '7:0-22:0', 'Saturday': '7:0-22:0', 'Sunday': '7:0-22:0'}"
A8A9qhSztrqB6TFKjnq-hA,Hokkaido Chinese & Japanese Buffet,5737 W Irlo Bronson Memorial Hwy,Kissimmee,FL,34746,28.3336308,-81.5142529,3.5,369,1,"{'WheelchairAccessible': 'True', 'NoiseLevel': ""'average'"", 'RestaurantsPriceRange2': '2', 'DogsAllowed': 'False', 'RestaurantsGoodForGroups': 'True', 'WiFi': ""u'free'"", 'Alcohol': ""u'beer_and_wine'"", 'RestaurantsTableService': 'True', 'OutdoorSeating': 'False', 'HasTV': 'False', 'BusinessAcceptsCreditCards': 'True', 'BYOB': 'False', 'Ambience': ""{'touristy': True, 'hipster': False, 'romantic': False, 'divey': False, 'intimate': False, 'trendy': False, 'upscale': False, 'classy': True, 'casual': True}"", 'HappyHour': 'True', 'BikeParking': 'True', 'BusinessParking': 'None', 'Caters': 'True', 'RestaurantsTakeOut': 'True', 'RestaurantsDelivery': 'False', 'RestaurantsReservations': 'True', 'ByAppointmentOnly': 'False', 'BusinessAcceptsBitcoin': 'False', 'GoodForKids': 'True', 'GoodForMeal': ""{'dessert': True, 'latenight': True, 'lunch': True, 'dinner': True, 'brunch': True, 'breakfast': None}"", 'RestaurantsAttire': ""'casual'""}","Buffets, Restaurants, Japanese, Chinese","{'Monday': '11:0-23:0', 'Tuesday': '11:0-23:0', 'Wednesday': '11:0-23:0', 'Thursday': '11:0-23:0', 'Friday': '11:0-23:0', 'Saturday': '11:0-23:0', 'Sunday': '11:0-23:0'}"
4bPz2NYimJ8ZVozbxLwyCA,Hokkaido Chinese & Japanese Buffet,12173 S Apopka Vineland Rd,Orlando,FL,32836,28.3884284,-81.50494,3,316,1,"{'Caters': 'True', 'ByAppointmentOnly': 'False', 'RestaurantsDelivery': 'False', 'Alcohol': ""u'beer_and_wine'"", 'DogsAllowed': 'False', 'HasTV': 'False', 'RestaurantsAttire': ""'casual'"", 'RestaurantsReservations': 'True', 'BusinessAcceptsCreditCards': 'True', 'Ambience': ""{'touristy': None, 'hipster': False, 'romantic': False, 'divey': None, 'intimate': None, 'trendy': None, 'upscale': False, 'classy': None, 'casual': True}"", 'BikeParking': 'True', 'RestaurantsGoodForGroups': 'True', 'WiFi': ""u'free'"", 'RestaurantsTakeOut': 'True', 'WheelchairAccessible': 'True', 'RestaurantsTableService': 'True', 'GoodForKids': 'True', 'NoiseLevel': ""'average'"", 'BusinessAcceptsBitcoin': 'False', 'OutdoorSeating': 'False', 'RestaurantsPriceRange2': '2', 'GoodForMeal': ""{'dessert': True, 'latenight': None, 'lunch': True, 'dinner': True, 'brunch': True, 'breakfast': None}"", 'BusinessParking': ""{'garage': False, 'street': True, 'validated': False, 'lot': False, 'valet': False}"", 'BYOB': 'False', 'HappyHour': 'True'}","Restaurants, Japanese, Buffets, Chinese","{'Monday': '11:0-23:0', 'Tuesday': '11:0-23:0', 'Wednesday': '11:0-23:0', 'Thursday': '11:0-23:0', 'Friday': '11:0-23:0', 'Saturday': '11:0-23:0', 'Sunday': '11:0-23:0'}"
6dLKGElV8Bt-1NhJNv8hKQ,Hollywood & Vine,351 S Studio Dr,Orlando,FL,32830,28.3575754,-81.5591488,3,284,1,"{'Caters': 'False', 'NoiseLevel': ""'loud'"", 'WiFi': ""'free'"", 'BusinessParking': ""{'garage': False, 'street': False, 'validated': False, 'lot': False, 'valet': False}"", 'BusinessAcceptsCreditCards': 'True', 'RestaurantsReservations': 'True', 'Alcohol': ""u'none'"", 'RestaurantsAttire': ""'casual'"", 'RestaurantsDelivery': 'False', 'RestaurantsPriceRange2': '3', 'RestaurantsGoodForGroups': 'True', 'RestaurantsTakeOut': 'False', 'OutdoorSeating': 'False', 'Ambience': ""{'touristy': True, 'hipster': None, 'romantic': False, 'divey': None, 'intimate': None, 'trendy': None, 'upscale': False, 'classy': False, 'casual': True}"", 'GoodForKids': 'True', 'BikeParking': 'True', 'GoodForMeal': ""{'dessert': None, 'latenight': None, 'lunch': True, 'dinner': None, 'brunch': None, 'breakfast': None}"", 'HasTV': 'True'}","Buffets, American (Traditional), Restaurants","{'Monday': '11:30-19:0', 'Tuesday': '11:30-19:0', 'Wednesday': '11:30-19:0', 'Thursday': '11:30-19:0', 'Friday': '11:30-19:0', 'Saturday': '11:30-19:0', 'Sunday': '11:30-19:0'}"
iHmBoyZEWsJfryywZmrB8A,Ichiban Buffet,5529 International Dr,Orlando,FL,32819,28.46339321,-81.4548305,3,419,1,"{'BusinessParking': ""{'garage': False, 'street': False, 'validated': False, 'lot': False, 'valet': False}"", 'HasTV': 'True', 'RestaurantsPriceRange2': '2', 'WiFi': ""u'no'"", 'RestaurantsDelivery': 'False', 'RestaurantsGoodForGroups': 'True', 'RestaurantsAttire': ""u'casual'"", 'OutdoorSeating': 'False', 'Alcohol': ""u'beer_and_wine'"", 'NoiseLevel': ""'average'"", 'Ambience': ""{'touristy': True, 'hipster': False, 'romantic': False, 'divey': False, 'intimate': False, 'trendy': None, 'upscale': False, 'classy': False, 'casual': True}"", 'BusinessAcceptsCreditCards': 'True', 'BusinessAcceptsBitcoin': 'False', 'WheelchairAccessible': 'True', 'DogsAllowed': 'False', 'RestaurantsTakeOut': 'True', 'RestaurantsReservations': 'False', 'BikeParking': 'False', 'RestaurantsTableService': 'True', 'HappyHour': 'False', 'GoodForMeal': ""{'dessert': True, 'latenight': False, 'lunch': True, 'dinner': True, 'brunch': None, 'breakfast': False}"", 'BYOB': 'False', 'GoodForKids': 'True', 'Caters': 'False'}","Chinese, Restaurants, Japanese, Szechuan, Seafood, Buffets","{'Monday': '11:30-21:30', 'Tuesday': '11:30-21:30', 'Wednesday': '11:30-21:30', 'Thursday': '11:30-21:30', 'Friday': '11:30-22:0', 'Saturday': '11:30-22:0', 'Sunday': '11:30-21:30'}"
25iE1snCllaN2fCKodDyuQ,Ichiban Buffet,735 N Courtenay Pkwy,Merritt Island,FL,32953,28.3692327,-80.7015594,2.5,29,1,"{'RestaurantsPriceRange2': '2', 'RestaurantsDelivery': 'False', 'RestaurantsAttire': ""u'casual'"", 'BikeParking': 'True', 'GoodForKids': 'True', 'HasTV': 'True', 'RestaurantsReservations': 'False', 'Alcohol': ""u'none'"", 'BusinessAcceptsCreditCards': 'True', 'WiFi': ""'free'"", 'RestaurantsTakeOut': 'True', 'Ambience': ""{'romantic': False, 'intimate': False, 'classy': False, 'hipster': False, 'divey': False, 'touristy': False, 'trendy': False, 'upscale': False, 'casual': False}"", 'BusinessParking': ""{'garage': False, 'street': False, 'validated': False, 'lot': False, 'valet': False}"", 'RestaurantsGoodForGroups': 'True', 'GoodForMeal': ""{'dessert': False, 'latenight': False, 'lunch': False, 'dinner': False, 'brunch': False, 'breakfast': False}"", 'OutdoorSeating': 'False'}","Restaurants, Buffets",
Sx0IM4UyHbrRrA6QeulcGQ,Ichiban Buffet,5269 W Irlo Bronson Memorial Hwy,Kissimmee,FL,34746,28.33365349,-81.49461814,3,481,1,"{'RestaurantsDelivery': 'False', 'BusinessAcceptsCreditCards': 'True', 'RestaurantsAttire': ""u'casual'"", 'BusinessParking': ""{'garage': False, 'street': False, 'validated': False, 'lot': True, 'valet': False}"", 'RestaurantsGoodForGroups': 'True', 'WiFi': ""u'no'"", 'Alcohol': ""u'beer_and_wine'"", 'RestaurantsReservations': 'True', 'NoiseLevel': ""u'average'"", 'HasTV': 'False', 'RestaurantsPriceRange2': '2', 'Caters': 'False', 'GoodForKids': 'True', 'ByAppointmentOnly': 'False', 'OutdoorSeating': 'False', 'BikeParking': 'True', 'HappyHour': 'False', 'DogsAllowed': 'False', 'RestaurantsTakeOut': 'True', 'GoodForMeal': ""{'dessert': None, 'latenight': False, 'lunch': True, 'dinner': True, 'brunch': None, 'breakfast': False}"", 'Ambience': ""{'touristy': None, 'hipster': False, 'romantic': False, 'divey': False, 'intimate': False, 'trendy': False, 'upscale': False, 'classy': False, 'casual': True}""}","Restaurants, Japanese, Buffets, Chinese, Seafood","{'Monday': '0:0-0:0', 'Tuesday': '11:0-22:30', 'Wednesday': '11:0-22:30', 'Thursday': '11:0-22:30', 'Friday': '11:0-23:30', 'Saturday': '11:0-23:30', 'Sunday': '11:30-22:30'}"
GU4fAmdCcZDhIoq8kjBw1g,Ichigo Ichie Buffet,3611 S Orlando Dr,Sanford,FL,32773,28.761285,-81.282736,3,72,1,"{'RestaurantsTakeOut': 'True', 'RestaurantsGoodForGroups': 'True', 'RestaurantsAttire': ""u'casual'"", 'GoodForKids': 'True', 'Alcohol': ""'beer_and_wine'"", 'OutdoorSeating': 'False', 'RestaurantsPriceRange2': '2', 'Ambience': ""{'romantic': False, 'intimate': False, 'touristy': False, 'hipster': False, 'divey': False, 'classy': False, 'trendy': False, 'upscale': False, 'casual': True}"", 'RestaurantsDelivery': 'False', 'NoiseLevel': ""u'average'"", 'Caters': 'False', 'BusinessAcceptsCreditCards': 'True', 'GoodForMeal': ""{'dessert': False, 'latenight': False, 'lunch': True, 'dinner': True, 'brunch': False, 'breakfast': False}"", 'BusinessParking': ""{'garage': False, 'street': False, 'validated': False, 'lot': True, 'valet': False}"", 'HasTV': 'True', 'WiFi': ""'no'"", 'BikeParking': 'False', 'RestaurantsTableService': 'True', 'RestaurantsReservations': 'True', 'WheelchairAccessible': 'True'}","Sushi Bars, Restaurants, Buffets, Chinese, Japanese","{'Monday': '11:0-22:0', 'Tuesday': '11:0-22:0', 'Wednesday': '11:0-22:0', 'Thursday': '11:0-22:0', 'Friday': '11:0-22:30', 'Saturday': '11:0-22:30', 'Sunday': '11:0-22:0'}"
jQjYkev1KJlxyy6qqaWaGA,Izziban Sushi And Korean BBQ,5310 E Colonial Dr,Orlando,FL,32807,28.5537621,-81.3171626,3.5,818,1,"{'WheelchairAccessible': 'True', 'OutdoorSeating': 'True', 'BusinessAcceptsCreditCards': 'True', 'Caters': 'True', 'RestaurantsTakeOut': 'True', 'BikeParking': 'True', 'RestaurantsDelivery': 'False', 'RestaurantsAttire': ""u'casual'"", 'RestaurantsPriceRange2': '2', 'WiFi': ""u'free'"", 'Alcohol': ""u'full_bar'"", 'NoiseLevel': ""'average'"", 'RestaurantsTableService': 'True', 'RestaurantsGoodForGroups': 'True', 'HasTV': 'True', 'HappyHour': 'True', 'GoodForKids': 'True', 'DogsAllowed': 'False', 'GoodForMeal': ""{'dessert': None, 'latenight': True, 'lunch': True, 'dinner': True, 'brunch': None, 'breakfast': False}"", 'Ambience': ""{'touristy': False, 'hipster': False, 'romantic': False, 'divey': False, 'intimate': False, 'trendy': True, 'upscale': False, 'classy': True, 'casual': True}"", 'RestaurantsReservations': 'False', 'BusinessParking': ""{'garage': False, 'street': False, 'validated': False, 'lot': True, 'valet': False}"", 'BusinessAcceptsBitcoin': 'False'}","Barbeque, Sushi Bars, Buffets, Korean, Restaurants","{'Monday': '14:0-0:0', 'Tuesday': '11:30-1:0', 'Wednesday': '11:30-1:0', 'Thursday': '11:30-1:0', 'Friday': '11:30-1:0', 'Saturday': '11:30-1:0', 'Sunday': '11:30-1:0'}"
qWMOGUtoOE_h4Uk1_WOe8Q,King Buffet,2157 E Semoran Blvd,Apopka,FL,32703,28.6749493,-81.4714947,2.5,27,1,"{'RestaurantsPriceRange2': '1', 'RestaurantsDelivery': 'False', 'RestaurantsAttire': ""u'casual'"", 'RestaurantsReservations': 'False', 'OutdoorSeating': 'False', 'GoodForKids': 'True', 'RestaurantsGoodForGroups': 'True', 'NoiseLevel': ""u'quiet'"", 'BusinessAcceptsCreditCards': 'True', 'RestaurantsTakeOut': 'True', 'Alcohol': ""u'beer_and_wine'"", 'Caters': 'True', 'GoodForMeal': ""{'dessert': None, 'latenight': None, 'lunch': True, 'dinner': True, 'brunch': None, 'breakfast': False}"", 'WiFi': ""u'no'"", 'Ambience': ""{'touristy': False, 'hipster': False, 'romantic': False, 'divey': False, 'intimate': False, 'trendy': False, 'upscale': False, 'classy': None, 'casual': True}"", 'HasTV': 'True', 'BikeParking': 'True', 'BusinessParking': ""{'garage': False, 'street': False, 'validated': False, 'lot': None, 'valet': False}"", 'WheelchairAccessible': 'True', 'RestaurantsTableService': 'True'}","Restaurants, Chinese, Buffets","{'Monday': '11:0-22:0', 'Tuesday': '11:0-22:0', 'Wednesday': '11:0-22:0', 'Thursday': '11:0-22:0', 'Friday': '11:0-22:30', 'Saturday': '11:0-22:30', 'Sunday': '11:0-22:0'}"
3oGGAVCSVyS2GTwsl1mi1g,Koywan Hibachi Buffet,"945 W State Rd 436, Ste 1179",Altamonte Springs,FL,32714,28.66748,-81.422879,3,283,1,"{'NoiseLevel': ""u'average'"", 'OutdoorSeating': 'False', 'RestaurantsAttire': ""u'casual'"", 'WiFi': ""u'free'"", 'RestaurantsGoodForGroups': 'True', 'RestaurantsTakeOut': 'True', 'RestaurantsPriceRange2': '2', 'Alcohol': ""u'full_bar'"", 'GoodForKids': 'True', 'Ambience': ""{'touristy': False, 'hipster': False, 'romantic': False, 'divey': False, 'intimate': False, 'trendy': False, 'upscale': False, 'classy': True, 'casual': True}"", 'BusinessAcceptsCreditCards': 'True', 'ByAppointmentOnly': 'False', 'BusinessParking': ""{'garage': False, 'street': False, 'validated': False, 'lot': True, 'valet': False}"", 'BikeParking': 'True', 'RestaurantsReservations': 'True', 'HasTV': 'True', 'GoodForMeal': ""{'dessert': None, 'latenight': False, 'lunch': True, 'dinner': True, 'brunch': None, 'breakfast': False}"", 'RestaurantsTableService': 'True', 'WheelchairAccessible': 'True', 'BYOB': 'False', 'RestaurantsDelivery': 'False', 'Caters': 'True', 'HappyHour': 'False'}","Japanese, Chinese, Asian Fusion, Restaurants, Sushi Bars, Buffets","{'Monday': '11:0-21:0', 'Wednesday': '11:0-21:0', 'Thursday': '11:0-21:0', 'Friday': '11:0-21:0', 'Saturday': '11:0-21:0', 'Sunday': '11:0-21:0'}"
LKEN4LlImPf0WzaEsjpcdw,La China Blue,3749 S Kirkman Rd,Orlando,FL,32811,28.5041098,-81.4579813,3.5,39,1,"{'Caters': 'False', 'GoodForKids': 'True', 'OutdoorSeating': 'False', 'DogsAllowed': 'False', 'BusinessParking': ""{'garage': False, 'street': False, 'validated': False, 'lot': True, 'valet': False}"", 'NoiseLevel': ""u'quiet'"", 'RestaurantsPriceRange2': '1', 'RestaurantsTakeOut': 'True', 'RestaurantsReservations': 'False', 'WheelchairAccessible': 'True', 'GoodForMeal': ""{'dessert': False, 'latenight': False, 'lunch': True, 'dinner': True, 'brunch': False, 'breakfast': False}"", 'Alcohol': ""u'none'"", 'BusinessAcceptsCreditCards': 'True', 'RestaurantsGoodForGroups': 'True', 'Ambience': ""{'touristy': False, 'hipster': False, 'romantic': False, 'divey': False, 'intimate': False, 'trendy': False, 'upscale': False, 'classy': False, 'casual': True}"", 'BusinessAcceptsBitcoin': 'False', 'WiFi': ""u'no'"", 'RestaurantsAttire': ""u'casual'"", 'RestaurantsDelivery': 'False', 'RestaurantsTableService': 'False', 'BikeParking': 'False', 'HasTV': 'True'}","Restaurants, Seafood, Chinese, Buffets","{'Monday': '0:0-0:0', 'Tuesday': '11:30-22:0', 'Wednesday': '11:30-22:0', 'Thursday': '11:30-22:0', 'Friday': '11:30-23:0', 'Saturday': '15:0-23:0', 'Sunday': '15:0-22:0'}"
FqKFcKAFVIHB84zE5J6qCg,La Cita Country Club,777 Country Club Dr,Titusville,FL,32780,28.578183,-80.810843,3,6,1,{'HasTV': 'True'},"American (New), Cafes, Restaurants, Buffets, American (Traditional)","{'Monday': '11:0-15:0', 'Tuesday': '11:0-20:0', 'Wednesday': '11:0-20:0', 'Thursday': '11:0-20:0', 'Friday': '11:0-20:0', 'Saturday': '11:0-20:0', 'Sunday': '9:0-15:0'}"
MBzso9nI1suMXtSLRkp0lg,Lai Lai Chinese Cuisine & Sushi Bar,"7400 Southland Blvd, Ste 116",Orlando,FL,32809,28.45621093,-81.399667,4,67,1,"{'GoodForKids': 'True', 'RestaurantsPriceRange2': '2', 'OutdoorSeating': 'False', 'RestaurantsGoodForGroups': 'True', 'WiFi': ""'no'"", 'RestaurantsAttire': ""u'casual'"", 'RestaurantsReservations': 'True', 'BusinessAcceptsCreditCards': 'True', 'Alcohol': ""u'full_bar'"", 'RestaurantsDelivery': 'False', 'BikeParking': 'True', 'RestaurantsTakeOut': 'True', 'Caters': 'True', 'HasTV': 'True', 'Ambience': ""{'romantic': False, 'intimate': False, 'touristy': False, 'hipster': False, 'divey': False, 'classy': False, 'trendy': False, 'upscale': False, 'casual': True}"", 'NoiseLevel': ""u'quiet'"", 'BusinessParking': ""{'garage': False, 'street': False, 'validated': False, 'lot': True, 'valet': False}"", 'GoodForMeal': ""{'dessert': False, 'latenight': False, 'lunch': True, 'dinner': True, 'brunch': None, 'breakfast': False}""}","Restaurants, Chinese, Buffets, Sushi Bars","{'Monday': '11:0-22:0', 'Tuesday': '11:0-22:0', 'Wednesday': '11:0-22:0', 'Thursday': '11:0-22:0', 'Friday': '11:0-22:0', 'Saturday': '12:0-22:0', 'Sunday': '12:0-22:0'}"
I6CqnODnNL8tbco4yC3XcQ,Latitude & Longitude,8701 World Center Drive,Orlando,FL,32821,28.36019732,-81.51113104,4,28,1,"{'RestaurantsDelivery': 'False', 'RestaurantsGoodForGroups': 'True', 'Ambience': ""{'touristy': None, 'hipster': None, 'romantic': None, 'divey': None, 'intimate': None, 'trendy': None, 'upscale': None, 'classy': None, 'casual': True}"", 'BikeParking': 'True', 'BusinessParking': ""{'garage': False, 'street': False, 'validated': False, 'lot': False, 'valet': True}"", 'Caters': 'False', 'BusinessAcceptsCreditCards': 'True', 'BusinessAcceptsBitcoin': 'False', 'RestaurantsTakeOut': 'False', 'RestaurantsReservations': 'True', 'WiFi': ""u'free'"", 'DogsAllowed': 'False', 'Alcohol': ""u'full_bar'"", 'GoodForKids': 'True', 'HasTV': 'True', 'RestaurantsPriceRange2': '2', 'RestaurantsTableService': 'True', 'OutdoorSeating': 'True', 'GoodForMeal': ""{'dessert': False, 'latenight': False, 'lunch': False, 'dinner': False, 'brunch': False, 'breakfast': False}"", 'WheelchairAccessible': 'True'}","Buffets, Southern, American (Traditional), Nightlife, Bars, Restaurants","{'Monday': '7:0-22:0', 'Tuesday': '7:0-22:0', 'Wednesday': '7:0-22:0', 'Thursday': '7:0-22:0', 'Friday': '7:0-22:0', 'Saturday': '7:0-22:0', 'Sunday': '7:0-22:0'}"
Ll06gbfTT-Nk4G_FJjb40A,Lechonera Latina,3806 Curry Ford Rd,Orlando,FL,32806,28.52389784,-81.33692871,3,5,1,"{'RestaurantsTakeOut': 'True', 'RestaurantsGoodForGroups': 'True', 'RestaurantsReservations': 'False', 'GoodForKids': 'True', 'BusinessAcceptsCreditCards': 'True', 'RestaurantsDelivery': 'False', 'RestaurantsAttire': ""'casual'"", 'GoodForMeal': ""{'dessert': False, 'latenight': False, 'lunch': False, 'dinner': False, 'brunch': False, 'breakfast': False}"", 'RestaurantsPriceRange2': '1', 'Ambience': ""{'touristy': False, 'hipster': False, 'romantic': False, 'divey': False, 'intimate': False, 'trendy': False, 'upscale': False, 'classy': False, 'casual': False}"", 'HasTV': 'True', 'BikeParking': 'True', 'OutdoorSeating': 'None', 'BusinessParking': ""{'garage': False, 'street': False, 'validated': False, 'lot': False, 'valet': False}""}","Buffets, Spanish, Restaurants",
QVQZnByRmO_w_IvzVE0fWA,Mandolin's,2900 Parkway Blvd,Kissimmee,FL,34747,28.3349216,-81.5352539,2.5,12,1,"{'RestaurantsPriceRange2': '2', 'NoiseLevel': ""u'average'"", 'RestaurantsGoodForGroups': 'True', 'RestaurantsTakeOut': 'True', 'GoodForKids': 'True', 'RestaurantsAttire': ""'casual'"", 'WiFi': ""'free'"", 'RestaurantsDelivery': 'False', 'HasTV': 'True', 'Ambience': ""{'touristy': False, 'hipster': False, 'romantic': False, 'divey': False, 'intimate': False, 'trendy': False, 'upscale': False, 'classy': False, 'casual': False}"", 'GoodForMeal': ""{'dessert': False, 'latenight': False, 'lunch': False, 'dinner': False, 'brunch': False, 'breakfast': False}"", 'BusinessAcceptsCreditCards': 'True'}","Restaurants, Buffets, Italian",
fsMX2yJrYuJODzhyG8FqiA,Mei Asian China Buffet,"8255 International Dr, Ste 126",Orlando,FL,32819,28.445546,-81.468694,2,133,1,"{'WiFi': ""'no'"", 'Alcohol': ""u'beer_and_wine'"", 'OutdoorSeating': 'False', 'RestaurantsPriceRange2': '2', 'RestaurantsAttire': ""u'casual'"", 'BusinessParking': ""{'garage': False, 'street': False, 'validated': False, 'lot': True, 'valet': False}"", 'RestaurantsGoodForGroups': 'True', 'HasTV': 'False', 'BikeParking': 'False', 'NoiseLevel': ""u'average'"", 'RestaurantsTakeOut': 'True', 'RestaurantsReservations': 'False', 'Caters': 'False', 'GoodForKids': 'True', 'Ambience': ""{'touristy': None, 'hipster': None, 'romantic': False, 'divey': None, 'intimate': False, 'trendy': False, 'upscale': False, 'classy': False, 'casual': True}"", 'BusinessAcceptsCreditCards': 'True', 'RestaurantsDelivery': 'False', 'GoodForMeal': ""{'dessert': False, 'latenight': False, 'lunch': True, 'dinner': True, 'brunch': False, 'breakfast': False}"", 'DogsAllowed': 'False'}","Restaurants, Chinese, Buffets, Sushi Bars","{'Monday': '10:30-22:30', 'Tuesday': '10:30-22:30', 'Wednesday': '10:30-22:30', 'Thursday': '10:30-22:30', 'Friday': '10:30-0:0', 'Saturday': '10:30-22:30', 'Sunday': '10:30-22:30'}"
ZcrkL6bFAqRC1pnALJy5Og,Mikado Japanese Seafood Buffet,"851 S State Rd 434, Ste 1130-1170",Altamonte Springs,FL,32714,28.6443986,-81.41192434,4,335,1,"{'HasTV': 'True', 'RestaurantsGoodForGroups': 'True', 'BusinessAcceptsBitcoin': 'False', 'DogsAllowed': 'False', 'OutdoorSeating': 'False', 'RestaurantsPriceRange2': '2', 'HappyHour': 'True', 'BikeParking': 'True', 'WiFi': ""u'no'"", 'RestaurantsTableService': 'True', 'ByAppointmentOnly': 'False', 'Alcohol': ""u'beer_and_wine'"", 'WheelchairAccessible': 'True', 'NoiseLevel': ""'average'"", 'BusinessAcceptsCreditCards': 'True', 'RestaurantsAttire': ""u'casual'"", 'Ambience': ""{'touristy': False, 'hipster': False, 'romantic': False, 'divey': False, 'intimate': False, 'trendy': None, 'upscale': False, 'classy': None, 'casual': True}"", 'BusinessParking': ""{'garage': False, 'street': False, 'validated': False, 'lot': True, 'valet': False}"", 'RestaurantsReservations': 'True', 'GoodForKids': 'True', 'BYOB': 'True', 'RestaurantsTakeOut': 'True', 'Caters': 'True', 'GoodForMeal': ""{'dessert': None, 'latenight': False, 'lunch': True, 'dinner': True, 'brunch': False, 'breakfast': False}"", 'Corkage': 'True', 'RestaurantsDelivery': 'True'}","Sushi Bars, Seafood, Japanese, Buffets, Restaurants","{'Monday': '0:0-0:0', 'Tuesday': '17:0-22:0', 'Wednesday': '17:0-22:0', 'Thursday': '17:0-22:0', 'Friday': '13:0-22:0', 'Saturday': '17:0-22:30', 'Sunday': '13:0-21:30'}"
2x-ITffafTEkLQQu4e_GAQ,Minnie's Silver Screen Dine,351 S Studio Dr,Orlando,FL,32830,28.35748351,-81.55924526,3.5,5,1,"{'BikeParking': 'True', 'RestaurantsReservations': 'True', 'GoodForMeal': ""{'dessert': False, 'latenight': False, 'lunch': False, 'dinner': False, 'brunch': False, 'breakfast': False}"", 'OutdoorSeating': 'False', 'BusinessParking': ""{'garage': False, 'street': False, 'validated': False, 'lot': False, 'valet': False}"", 'RestaurantsGoodForGroups': 'True', 'RestaurantsTakeOut': 'False', 'Alcohol': ""'full_bar'"", 'WiFi': ""'free'"", 'RestaurantsTableService': 'True', 'Ambience': ""{'touristy': False, 'hipster': False, 'romantic': False, 'divey': False, 'intimate': False, 'trendy': False, 'upscale': False, 'classy': False, 'casual': False}"", 'RestaurantsDelivery': 'False', 'GoodForKids': 'True', 'RestaurantsPriceRange2': '3', 'RestaurantsAttire': ""'casual'"", 'BusinessAcceptsCreditCards': 'True', 'HasTV': 'True'}","Restaurants, Buffets, American (Traditional)",
1IX3hFAxdqKwuyt9oElDpw,Moghul Indian Cuisine,401 N Semoran Blvd,Winter Park,FL,32792,28.6016545,-81.306824,4,280,1,"{'RestaurantsReservations': 'True', 'Alcohol': ""u'beer_and_wine'"", 'Caters': 'True', 'BusinessAcceptsCreditCards': 'True', 'BikeParking': 'True', 'RestaurantsPriceRange2': '2', 'BusinessParking': ""{'garage': False, 'street': False, 'validated': False, 'lot': True, 'valet': False}"", 'HasTV': 'False', 'RestaurantsGoodForGroups': 'True', 'RestaurantsTakeOut': 'True', 'RestaurantsAttire': ""u'casual'"", 'NoiseLevel': ""'quiet'"", 'GoodForKids': 'True', 'RestaurantsTableService': 'True', 'OutdoorSeating': 'True', 'WheelchairAccessible': 'False', 'HappyHour': 'False', 'Ambience': ""{'touristy': False, 'hipster': False, 'romantic': False, 'divey': False, 'intimate': False, 'trendy': False, 'upscale': False, 'classy': True, 'casual': True}"", 'RestaurantsDelivery': 'True', 'Corkage': 'True', 'WiFi': ""u'no'"", 'GoodForMeal': ""{'dessert': None, 'latenight': False, 'lunch': True, 'dinner': True, 'brunch': False, 'breakfast': False}"", 'BYOB': 'False', 'DogsAllowed': 'False'}","Restaurants, Soup, Indian, Diners, Buffets","{'Tuesday': '17:0-21:30', 'Wednesday': '17:0-21:30', 'Thursday': '17:0-21:30', 'Friday': '17:0-21:45', 'Saturday': '17:0-21:45', 'Sunday': '17:0-21:30'}"
2glp3Ug8GMrAYeP7JftPOA,Nine Spices Hot Pot,5320 S Kirkman Rd,Orlando,FL,32819,28.4848856,-81.45929,4,492,1,"{'BusinessAcceptsCreditCards': 'True', 'NoiseLevel': ""u'average'"", 'HasTV': 'True', 'Alcohol': ""'beer_and_wine'"", 'RestaurantsTableService': 'True', 'RestaurantsAttire': ""u'casual'"", 'BikeParking': 'False', 'RestaurantsReservations': 'False', 'GoodForMeal': ""{'dessert': False, 'latenight': True, 'lunch': True, 'dinner': True, 'brunch': False, 'breakfast': False}"", 'BYOB': 'True', 'RestaurantsGoodForGroups': 'True', 'GoodForKids': 'True', 'Caters': 'False', 'DogsAllowed': 'False', 'HappyHour': 'False', 'WiFi': ""u'free'"", 'Ambience': ""{'touristy': False, 'hipster': None, 'romantic': False, 'divey': False, 'intimate': False, 'trendy': None, 'upscale': False, 'classy': False, 'casual': True}"", 'RestaurantsPriceRange2': '2', 'WheelchairAccessible': 'True', 'BusinessParking': ""{'garage': True, 'street': False, 'validated': False, 'lot': True, 'valet': False}"", 'RestaurantsTakeOut': 'True', 'RestaurantsDelivery': 'None', 'Corkage': 'True', 'OutdoorSeating': 'None'}","Chinese, Hot Pot, Soup, Buffets, Restaurants","{'Monday': '16:30-0:0', 'Tuesday': '16:30-0:0', 'Wednesday': '16:30-0:0', 'Thursday': '16:30-0:0', 'Friday': '12:0-0:0', 'Saturday': '12:0-0:0', 'Sunday': '12:0-0:0'}"
DXAnXWLbvlpboR6ZwLauDA,Oreganatta,6320 International Dr,Orlando,FL,32819,28.4605112,-81.467656,2.5,75,1,"{'WiFi': ""'free'"", 'Ambience': ""{'touristy': True, 'hipster': False, 'romantic': False, 'divey': False, 'intimate': False, 'trendy': False, 'upscale': False, 'classy': False, 'casual': True}"", 'WheelchairAccessible': 'False', 'RestaurantsTakeOut': 'True', 'RestaurantsAttire': ""'casual'"", 'RestaurantsTableService': 'False', 'Alcohol': ""'beer_and_wine'"", 'GoodForKids': 'True', 'BusinessParking': ""{'garage': False, 'street': False, 'validated': False, 'lot': True, 'valet': False}"", 'GoodForMeal': ""{'dessert': False, 'latenight': True, 'lunch': True, 'dinner': True, 'brunch': False, 'breakfast': False}"", 'BusinessAcceptsCreditCards': 'True', 'RestaurantsGoodForGroups': 'True', 'Caters': 'True', 'RestaurantsReservations': 'True', 'NoiseLevel': ""'quiet'"", 'RestaurantsPriceRange2': '1', 'BikeParking': 'True', 'OutdoorSeating': 'False', 'RestaurantsDelivery': 'True', 'HasTV': 'True'}","Restaurants, Beer, Wine & Spirits, Desserts, Salad, Buffets, Soup, American (New), Italian, Spanish, Pizza, Specialty Food, Food, Pasta Shops","{'Monday': '12:0-0:0', 'Tuesday': '12:0-0:0', 'Wednesday': '12:0-0:0', 'Thursday': '12:0-0:0', 'Friday': '12:0-0:0', 'Saturday': '12:0-0:0', 'Sunday': '12:0-0:0'}"
KuQ-dokC0jaKWL3-px8qGQ,Phil-Asian Foodmart,2650 N Orange Blossom Trl,Kissimmee,FL,34744,28.32411798,-81.40393062,4.5,10,1,"{'BikeParking': 'False', 'BusinessParking': ""{'garage': False, 'street': False, 'validated': False, 'lot': False, 'valet': False}"", 'RestaurantsTakeOut': 'True', 'RestaurantsReservations': 'False', 'RestaurantsPriceRange2': '1', 'BusinessAcceptsCreditCards': 'True', 'RestaurantsDelivery': 'False', 'GoodForKids': 'True', 'RestaurantsGoodForGroups': 'True', 'HasTV': 'True', 'GoodForMeal': ""{'dessert': False, 'latenight': False, 'lunch': False, 'dinner': False, 'brunch': False, 'breakfast': False}"", 'Ambience': ""{'touristy': False, 'hipster': False, 'romantic': False, 'divey': False, 'intimate': False, 'trendy': False, 'upscale': False, 'classy': False, 'casual': False}"", 'RestaurantsAttire': ""'casual'""}","Filipino, Convenience Stores, Buffets, Restaurants, Grocery, Food","{'Monday': '7:30-19:0', 'Tuesday': '7:30-19:0', 'Wednesday': '7:30-19:0', 'Thursday': '7:30-19:0', 'Friday': '7:30-19:0', 'Saturday': '7:30-19:0', 'Sunday': '7:30-17:0'}"
NrjYWkTiylNo4eJzJTFVGg,Plaza Garden Restaurant,9000 International Dr,Orlando,FL,32819,28.4337378,-81.4728696,3.5,6,1,"{'GoodForKids': 'True', 'RestaurantsGoodForGroups': 'True', 'BusinessAcceptsCreditCards': 'True', 'BusinessParking': ""{'garage': False, 'street': False, 'validated': False, 'lot': False, 'valet': False}"", 'RestaurantsTakeOut': 'True'}","Buffets, Restaurants",
t4p4SkyihBfI2p2IctGcFQ,Ponderosa Steakhouse,7598 W Irlo Bronson Memorial Hwy,Kissimmee,FL,34747,28.3330619,-81.588987,3.5,21,1,"{'WiFi': ""'no'"", 'BusinessAcceptsCreditCards': 'True', 'RestaurantsReservations': 'False', 'GoodForMeal': ""{'dessert': False, 'latenight': False, 'lunch': False, 'dinner': False, 'brunch': False, 'breakfast': False}"", 'RestaurantsGoodForGroups': 'True', 'GoodForKids': 'True', 'Ambience': ""{'touristy': None, 'hipster': False, 'romantic': None, 'divey': None, 'intimate': None, 'trendy': None, 'upscale': None, 'classy': None, 'casual': None}"", 'RestaurantsPriceRange2': '2', 'BusinessParking': ""{'garage': False, 'street': False, 'validated': False, 'lot': False, 'valet': False}"", 'RestaurantsTakeOut': 'True', 'RestaurantsDelivery': 'True'}","Restaurants, Steakhouses, Breakfast & Brunch, Buffets",
4UHqIiqzS2sgnhNi0cXtXw,Rosen Inn Lake Buena Vista,8442 Palm Pkwy,Orlando,FL,32836,28.3867321,-81.4975731,2.5,140,1,"{'GoodForKids': 'True', 'Alcohol': ""u'full_bar'"", 'RestaurantsPriceRange2': '2', 'BusinessParking': ""{'garage': False, 'street': False, 'validated': False, 'lot': False, 'valet': False}"", 'RestaurantsAttire': ""u'casual'"", 'HasTV': 'True', 'OutdoorSeating': 'True', 'RestaurantsDelivery': 'False', 'RestaurantsGoodForGroups': 'True', 'RestaurantsReservations': 'True', 'RestaurantsTakeOut': 'False', 'NoiseLevel': ""u'very_loud'"", 'WiFi': ""u'free'"", 'BusinessAcceptsCreditCards': 'True', 'Ambience': ""{'romantic': False, 'intimate': False, 'classy': False, 'hipster': False, 'divey': False, 'touristy': False, 'trendy': False, 'upscale': False, 'casual': False}"", 'BusinessAcceptsBitcoin': 'False', 'DogsAllowed': 'True', 'WheelchairAccessible': 'True'}","Hotels & Travel, Restaurants, Event Planning & Services, Hotels, Buffets, Venues & Event Spaces","{'Monday': '0:0-0:0', 'Tuesday': '0:0-0:0', 'Wednesday': '0:0-0:0', 'Thursday': '0:0-0:0', 'Friday': '0:0-0:0', 'Saturday': '0:0-0:0', 'Sunday': '0:0-0:0'}"
DDvLLp9cT1m0U8SN-DYIKA,Saffron Indian Cuisine,7724 W Sand Lake Rd,Orlando,FL,32819,28.44859889,-81.48860837,4.5,834,1,"{'RestaurantsGoodForGroups': 'True', 'HasTV': 'True', 'BikeParking': 'True', 'Alcohol': ""u'beer_and_wine'"", 'GoodForKids': 'True', 'RestaurantsReservations': 'True', 'RestaurantsPriceRange2': '2', 'RestaurantsDelivery': 'True', 'Caters': 'True', 'BusinessAcceptsCreditCards': 'True', 'RestaurantsTakeOut': 'True', 'BestNights': ""{'monday': False, 'tuesday': False, 'friday': False, 'wednesday': False, 'thursday': True, 'sunday': False, 'saturday': True}"", 'BusinessParking': ""{'garage': False, 'street': False, 'validated': False, 'lot': True, 'valet': False}"", 'GoodForMeal': ""{'dessert': False, 'latenight': False, 'lunch': True, 'dinner': True, 'brunch': False, 'breakfast': False}"", 'ByAppointmentOnly': 'False', 'RestaurantsAttire': ""u'casual'"", 'Music': ""{'dj': False, 'background_music': False, 'no_music': False, 'jukebox': False, 'live': False, 'video': False, 'karaoke': False}"", 'NoiseLevel': ""'average'"", 'DogsAllowed': 'False', 'Ambience': ""{'touristy': False, 'hipster': False, 'romantic': False, 'divey': False, 'intimate': False, 'trendy': True, 'upscale': False, 'classy': True, 'casual': True}"", 'WiFi': ""u'free'"", 'WheelchairAccessible': 'True', 'RestaurantsTableService': 'True', 'CoatCheck': 'False', 'GoodForDancing': 'False', 'DriveThru': 'True', 'Smoking': ""u'no'"", 'OutdoorSeating': 'None'}","Beer, Wine & Spirits, Vegetarian, Restaurants, Indian, Halal, Bars, Food, Nightlife, Coffee & Tea, Desserts, Wine Bars, Buffets","{'Monday': '11:30-22:0', 'Tuesday': '17:0-20:0', 'Wednesday': '17:0-22:0', 'Thursday': '11:30-22:0', 'Friday': '11:30-22:30', 'Saturday': '11:30-22:30', 'Sunday': '11:30-22:0'}"
esHeBE48Fah6nuYKRS61KA,Saffron Indian Cuisine,"16745 Cagan Crossings Blvd, Ste 103@104",Clermont,FL,34714,28.35492,-81.677932,3.5,70,1,"{'WheelchairAccessible': 'True', 'RestaurantsGoodForGroups': 'True', 'GoodForMeal': ""{'dessert': False, 'latenight': False, 'lunch': False, 'dinner': False, 'brunch': False, 'breakfast': False}"", 'Alcohol': ""'beer_and_wine'"", 'BusinessAcceptsCreditCards': 'True', 'WiFi': ""u'free'"", 'RestaurantsAttire': ""u'casual'"", 'RestaurantsTakeOut': 'True', 'RestaurantsReservations': 'False', 'OutdoorSeating': 'False', 'RestaurantsTableService': 'True', 'RestaurantsDelivery': 'True', 'Ambience': ""{'touristy': False, 'hipster': False, 'romantic': False, 'divey': False, 'intimate': False, 'trendy': False, 'upscale': False, 'classy': True, 'casual': False}"", 'GoodForKids': 'True', 'BusinessParking': 'None', 'RestaurantsPriceRange2': '2', 'Caters': 'True', 'HasTV': 'True'}","Restaurants, Buffets, Vegetarian, Indian","{'Monday': '16:0-21:30', 'Tuesday': '12:0-21:30', 'Wednesday': '12:0-21:30', 'Thursday': '12:0-21:30', 'Friday': '12:0-22:0', 'Saturday': '12:0-22:0', 'Sunday': '12:0-21:30'}"
bIwbjfRhiDOGnqkKXAoJ-Q,Savannah Bar and Grille,3011 Maingate Ln,Kissimmee,FL,34747,28.33644863,-81.58801384,2.5,9,1,"{'BusinessAcceptsCreditCards': 'True', 'RestaurantsGoodForGroups': 'True', 'RestaurantsTableService': 'True', 'Ambience': ""{'touristy': False, 'hipster': False, 'romantic': False, 'divey': False, 'intimate': False, 'trendy': False, 'upscale': False, 'classy': False, 'casual': False}"", 'GoodForKids': 'True', 'RestaurantsPriceRange2': '2', 'HasTV': 'True', 'BusinessParking': ""{'garage': False, 'street': False, 'validated': False, 'lot': False, 'valet': False}"", 'DriveThru': 'False', 'RestaurantsTakeOut': 'True', 'RestaurantsAttire': ""'casual'"", 'RestaurantsReservations': 'True', 'GoodForMeal': ""{'dessert': False, 'latenight': False, 'lunch': False, 'dinner': False, 'brunch': False, 'breakfast': False}"", 'RestaurantsDelivery': 'False', 'WheelchairAccessible': 'True', 'OutdoorSeating': 'True', 'Alcohol': ""'full_bar'"", 'WiFi': ""'free'""}","Restaurants, Buffets, American (Traditional), Breakfast & Brunch, Burgers","{'Monday': '6:30-22:0', 'Tuesday': '6:30-22:0', 'Wednesday': '6:30-22:0', 'Thursday': '6:30-22:0', 'Friday': '6:30-22:0', 'Saturday': '6:30-22:0', 'Sunday': '6:30-22:0'}"
U9lrX8Nviajz-74dF6zL7g,SeaWorld Orlando,7007 SeaWorld Dr,Orlando,FL,32821,28.41174755,-81.46379471,3.5,1082,1,"{'GoodForKids': 'True', 'BusinessParking': ""{'garage': False, 'street': False, 'validated': False, 'lot': True, 'valet': False}"", 'DogsAllowed': 'False', 'RestaurantsGoodForGroups': 'True', 'NoiseLevel': ""'loud'"", 'BikeParking': 'False', 'WheelchairAccessible': 'True', 'RestaurantsTakeOut': 'False', 'RestaurantsDelivery': 'False', 'HasTV': 'True', 'RestaurantsAttire': ""'casual'"", 'RestaurantsTableService': 'True', 'Ambience': ""{'romantic': False, 'intimate': False, 'classy': False, 'hipster': False, 'divey': False, 'touristy': False, 'trendy': False, 'upscale': False, 'casual': False}"", 'BusinessAcceptsCreditCards': 'True', 'OutdoorSeating': 'True', 'WiFi': ""'no'"", 'Alcohol': ""'full_bar'"", 'RestaurantsReservations': 'True', 'Caters': 'False', 'RestaurantsPriceRange2': '4', 'ByAppointmentOnly': 'False'}","Amusement Parks, Active Life, Performing Arts, Restaurants, Buffets, Arts & Entertainment, Aquariums","{'Monday': '0:0-0:0', 'Wednesday': '10:0-18:0', 'Thursday': '10:0-18:0', 'Friday': '9:0-19:0', 'Saturday': '9:0-19:0', 'Sunday': '10:0-19:0'}"
cQqDl2LsQw_JpbC-cu3KvA,Spice Indian Grill,"4498 N Alafaya Trl, Ste 306",Orlando,FL,32826,28.6060694,-81.2082469,4.5,88,1,"{'RestaurantsGoodForGroups': 'True', 'RestaurantsReservations': 'True', 'BusinessAcceptsCreditCards': 'True', 'GoodForKids': 'True', 'OutdoorSeating': 'False', 'Corkage': 'False', 'HasTV': 'True', 'RestaurantsAttire': ""'casual'"", 'RestaurantsPriceRange2': '2', 'BYOB': 'False', 'GoodForMeal': ""{'dessert': None, 'latenight': None, 'lunch': True, 'dinner': None, 'brunch': None, 'breakfast': None}"", 'RestaurantsTakeOut': 'True', 'RestaurantsTableService': 'True', 'RestaurantsDelivery': 'True', 'Ambience': ""{'touristy': None, 'hipster': None, 'romantic': None, 'divey': None, 'intimate': None, 'trendy': None, 'upscale': None, 'classy': None, 'casual': True}"", 'Alcohol': ""u'beer_and_wine'"", 'BusinessParking': ""{'garage': False, 'street': False, 'validated': False, 'lot': False, 'valet': False}"", 'Caters': 'True', 'WiFi': ""'free'"", 'WheelchairAccessible': 'True', 'BikeParking': 'True'}","Restaurants, Indian, Buffets, Seafood","{'Monday': '0:0-0:0', 'Tuesday': '11:30-22:0', 'Wednesday': '11:30-22:0', 'Thursday': '11:30-22:0', 'Friday': '11:30-22:0', 'Saturday': '11:30-22:0', 'Sunday': '11:30-22:0'}"
5K6W5eZKzJNImYVxHG7G4g,Texas de Brazil,"5259 International Dr, Ste F1",Orlando,FL,32819,28.4676958,-81.4510707,4,825,1,"{'RestaurantsGoodForGroups': 'True', 'Alcohol': ""'full_bar'"", 'RestaurantsAttire': ""'casual'"", 'BusinessAcceptsCreditCards': 'True', 'BikeParking': 'False', 'RestaurantsReservations': 'True', 'RestaurantsPriceRange2': '3', 'RestaurantsTakeOut': 'True', 'NoiseLevel': ""'average'"", 'Caters': 'True', 'WiFi': ""u'no'"", 'BYOBCorkage': ""'no'"", 'GoodForKids': 'True', 'RestaurantsTableService': 'True', 'DogsAllowed': 'False', 'RestaurantsDelivery': 'True', 'BusinessAcceptsBitcoin': 'False', 'Corkage': 'True', 'ByAppointmentOnly': 'False', 'HappyHour': 'True', 'GoodForMeal': ""{'dessert': False, 'latenight': False, 'lunch': None, 'dinner': True, 'brunch': False, 'breakfast': False}"", 'BYOB': 'True', 'OutdoorSeating': 'True', 'Ambience': ""{'touristy': False, 'hipster': False, 'romantic': False, 'divey': False, 'intimate': False, 'trendy': False, 'upscale': False, 'classy': True, 'casual': False}"", 'BusinessParking': ""{'garage': False, 'street': False, 'validated': False, 'lot': True, 'valet': True}"", 'HasTV': 'True', 'WheelchairAccessible': 'True'}","Steakhouses, Gluten-Free, Buffets, Event Planning & Services, Brazilian, Venues & Event Spaces, Seafood, Restaurants","{'Monday': '17:0-21:0', 'Tuesday': '17:0-21:0', 'Wednesday': '17:0-21:0', 'Thursday': '17:0-21:0', 'Friday': '17:0-22:0', 'Saturday': '16:0-22:0', 'Sunday': '16:0-21:0'}"
ZqYyavcfs69iGVnpn5t9Fg,The Crystal Palace,1365 W Monorail Way,Orlando,FL,32836,28.41807821,-81.58198598,3.5,565,1,"{'RestaurantsDelivery': 'False', 'GoodForKids': 'True', 'Alcohol': ""u'none'"", 'RestaurantsAttire': ""u'casual'"", 'RestaurantsGoodForGroups': 'True', 'OutdoorSeating': 'False', 'HasTV': 'False', 'RestaurantsTakeOut': 'False', 'WiFi': ""u'no'"", 'BusinessParking': ""{'garage': False, 'street': False, 'validated': False, 'lot': True, 'valet': False}"", 'BusinessAcceptsCreditCards': 'True', 'RestaurantsReservations': 'True', 'RestaurantsPriceRange2': '3', 'BikeParking': 'False', 'Caters': 'False', 'NoiseLevel': ""'average'"", 'DogsAllowed': 'False', 'BusinessAcceptsBitcoin': 'False', 'HappyHour': 'False', 'Ambience': ""{'touristy': True, 'hipster': False, 'romantic': False, 'divey': False, 'intimate': False, 'trendy': False, 'upscale': False, 'classy': True, 'casual': False}"", 'GoodForMeal': ""{'dessert': None, 'latenight': False, 'lunch': True, 'dinner': None, 'brunch': None, 'breakfast': True}""}","American (New), Buffets, American (Traditional), Restaurants","{'Monday': '11:30-20:0', 'Tuesday': '11:30-20:0', 'Sunday': '11:30-20:0'}"
3O8mfTK37HGnCgowSLG3bA,The Garden Gallery,1950 Magnolia Palm,Lake Buena Vista,FL,32830,28.40202,-81.59158,3.5,19,1,"{'GoodForKids': 'True', 'RestaurantsAttire': ""u'casual'"", 'RestaurantsPriceRange2': '2', 'RestaurantsDelivery': 'False', 'BusinessAcceptsCreditCards': 'True', 'OutdoorSeating': 'True', 'RestaurantsTakeOut': 'True', 'RestaurantsReservations': 'False', 'GoodForMeal': ""{'dessert': False, 'latenight': False, 'lunch': False, 'dinner': False, 'brunch': False, 'breakfast': False}"", 'BikeParking': 'False', 'Alcohol': ""u'none'"", 'BusinessParking': ""{'garage': False, 'street': False, 'validated': False, 'lot': False, 'valet': False}"", 'RestaurantsGoodForGroups': 'True', 'HasTV': 'True', 'Ambience': ""{'touristy': None, 'hipster': None, 'romantic': None, 'divey': False, 'intimate': False, 'trendy': None, 'upscale': False, 'classy': None, 'casual': True}"", 'WiFi': ""'free'""}","Restaurants, Buffets",
6-nX4fFhEBZBOGPZGGl5ng,The Knife - Lake Buena Vista,12501 State Rd 535,Lake Buena Vista,FL,32836,28.383322,-81.50431,3,462,1,"{'RestaurantsTakeOut': 'True', 'RestaurantsPriceRange2': '3', 'OutdoorSeating': 'False', 'WiFi': ""u'free'"", 'BusinessAcceptsCreditCards': 'True', 'RestaurantsAttire': ""u'casual'"", 'HasTV': 'True', 'RestaurantsReservations': 'True', 'Caters': 'True', 'Alcohol': ""u'full_bar'"", 'GoodForKids': 'True', 'WheelchairAccessible': 'True', 'NoiseLevel': ""u'average'"", 'BusinessParking': ""{'garage': True, 'street': False, 'validated': False, 'lot': False, 'valet': False}"", 'DogsAllowed': 'False', 'BusinessAcceptsBitcoin': 'False', 'RestaurantsTableService': 'True', 'RestaurantsGoodForGroups': 'True', 'BikeParking': 'False', 'GoodForMeal': ""{'dessert': None, 'latenight': False, 'lunch': True, 'dinner': True, 'brunch': None, 'breakfast': False}"", 'RestaurantsDelivery': 'True', 'Ambience': ""{'touristy': None, 'hipster': False, 'romantic': False, 'divey': False, 'intimate': False, 'trendy': False, 'upscale': False, 'classy': True, 'casual': True}""}","American (New), Argentine, Buffets, Barbeque, Restaurants, Steakhouses","{'Monday': '12:0-22:0', 'Tuesday': '12:0-22:0', 'Wednesday': '12:0-22:0', 'Thursday': '12:0-22:0', 'Friday': '12:0-23:0', 'Saturday': '12:0-23:0', 'Sunday': '12:0-22:0'}"
Yttutdu1cYsHQU_nEu-ZDg,Tony's Brazilian Grill,5159 International Dr,Orlando,FL,32819,28.4699691,-81.4510737,4,53,1,"{'RestaurantsGoodForGroups': 'True', 'RestaurantsPriceRange2': '2', 'RestaurantsAttire': ""'casual'"", 'WheelchairAccessible': 'True', 'HasTV': 'True', 'Ambience': ""{'touristy': False, 'hipster': False, 'romantic': False, 'divey': False, 'intimate': False, 'trendy': False, 'upscale': False, 'classy': False, 'casual': False}"", 'BikeParking': 'True', 'Alcohol': ""'full_bar'"", 'BusinessAcceptsCreditCards': 'True', 'RestaurantsTableService': 'True', 'WiFi': ""'free'"", 'RestaurantsTakeOut': 'True', 'Caters': 'True', 'RestaurantsReservations': 'True', 'HappyHour': 'True', 'RestaurantsDelivery': 'False', 'BusinessParking': 'None', 'Corkage': 'False', 'OutdoorSeating': 'None', 'BYOB': 'False', 'GoodForMeal': ""{'dessert': True, 'latenight': None, 'lunch': True, 'dinner': None, 'brunch': None, 'breakfast': None}"", 'GoodForKids': 'True'}","Restaurants, Latin American, Buffets, Breakfast & Brunch, Brazilian, Venues & Event Spaces, Event Planning & Services","{'Monday': '12:0-21:0', 'Tuesday': '12:0-21:0', 'Wednesday': '12:0-21:0', 'Thursday': '12:0-21:0', 'Friday': '12:0-21:0', 'Saturday': '12:0-21:0', 'Sunday': '12:0-21:0'}"
5xjvDjN7s-FC00gkqAPqmA,Tropical Cabana,1875 Central Florida Pkwy,Orlando,FL,32837,28.40732561,-81.40006351,5,148,1,"{'RestaurantsAttire': ""u'casual'"", 'GoodForKids': 'True', 'RestaurantsTakeOut': 'True', 'RestaurantsGoodForGroups': 'True', 'RestaurantsDelivery': 'True', 'HasTV': 'True', 'BusinessAcceptsCreditCards': 'True', 'BikeParking': 'True', 'DogsAllowed': 'False', 'OutdoorSeating': 'True', 'RestaurantsPriceRange2': '1', 'Caters': 'True', 'GoodForMeal': ""{'dessert': False, 'latenight': False, 'lunch': True, 'dinner': False, 'brunch': True, 'breakfast': False}"", 'WheelchairAccessible': 'True', 'BYOB': 'False', 'RestaurantsTableService': 'True', 'WiFi': ""u'free'"", 'RestaurantsReservations': 'True', 'Ambience': ""{'touristy': False, 'hipster': False, 'romantic': False, 'divey': None, 'intimate': False, 'trendy': None, 'upscale': False, 'classy': False, 'casual': True}"", 'Alcohol': ""u'beer_and_wine'"", 'BusinessParking': ""{'garage': False, 'street': False, 'validated': False, 'lot': True, 'valet': False}"", 'NoiseLevel': ""u'average'""}","Restaurants, American (New), Buffets, Dominican, Caribbean, Latin American, Spanish","{'Monday': '6:0-17:0', 'Tuesday': '6:0-17:0', 'Wednesday': '6:0-17:0', 'Thursday': '6:0-17:0', 'Friday': '6:0-17:0', 'Saturday': '7:0-16:0'}"
ets5rqez9CZGJ0Z1BN72mg,U & Me Revolving Hot Pot,12384 S Apopka Vineland Rd,Orlando,FL,32836,28.3848872,-81.5074893,4,105,1,"{'RestaurantsTableService': 'True', 'BusinessParking': ""{'garage': False, 'street': False, 'validated': False, 'lot': True, 'valet': False}"", 'WiFi': ""u'free'"", 'Corkage': 'True', 'RestaurantsReservations': 'True', 'OutdoorSeating': 'False', 'RestaurantsTakeOut': 'True', 'RestaurantsDelivery': 'True', 'HasTV': 'True', 'Caters': 'True', 'WheelchairAccessible': 'True', 'BusinessAcceptsCreditCards': 'True', 'BikeParking': 'True', 'BYOB': 'True', 'Alcohol': ""u'beer_and_wine'""}","Hot Pot, Buffets, Restaurants, Chinese","{'Monday': '12:0-0:0', 'Tuesday': '12:0-0:0', 'Wednesday': '12:0-0:0', 'Thursday': '12:0-0:0', 'Friday': '12:0-0:0', 'Saturday': '12:0-0:0', 'Sunday': '12:0-0:0'}"
_vS_Bhzhoa5Z3CYVmUf5jg,Villa de Flora,6000 W Osceola Pkwy,Kissimmee,FL,34746,28.342391,-81.526981,3.5,138,1,"{'RestaurantsPriceRange2': '3', 'RestaurantsDelivery': 'False', 'BusinessAcceptsCreditCards': 'True', 'RestaurantsReservations': 'True', 'HasTV': 'False', 'RestaurantsAttire': ""u'casual'"", 'NoiseLevel': ""u'average'"", 'RestaurantsGoodForGroups': 'True', 'GoodForKids': 'True', 'Alcohol': ""u'full_bar'"", 'Caters': 'False', 'BikeParking': 'False', 'RestaurantsTableService': 'True', 'WiFi': ""'free'"", 'BusinessParking': ""{'garage': False, 'street': False, 'validated': None, 'lot': True, 'valet': False}"", 'GoodForMeal': ""{'dessert': None, 'latenight': False, 'lunch': None, 'dinner': True, 'brunch': True, 'breakfast': True}"", 'Ambience': ""{'touristy': None, 'hipster': False, 'romantic': None, 'divey': False, 'intimate': None, 'trendy': None, 'upscale': None, 'classy': None, 'casual': None}"", 'RestaurantsTakeOut': 'True', 'OutdoorSeating': 'True'}","Breakfast & Brunch, Restaurants, Mediterranean, Buffets","{'Monday': '17:0-22:0', 'Tuesday': '6:30-22:0', 'Wednesday': '6:30-22:0', 'Thursday': '6:30-22:0', 'Friday': '6:30-22:0', 'Saturday': '8:0-10:30', 'Sunday': '8:0-10:30'}"
zsH_s5Lwh_OALAEewCsbew,Whistle Stop Restaurant,2728 Cayman Cir,Zellwood,FL,32798,28.72473034,-81.57544903,4,8,1,"{'RestaurantsDelivery': 'False', 'RestaurantsAttire': ""'casual'"", 'RestaurantsGoodForGroups': 'True', 'BusinessAcceptsCreditCards': 'True', 'RestaurantsPriceRange2': '1', 'GoodForKids': 'True', 'Alcohol': ""u'beer_and_wine'"", 'GoodForMeal': ""{'dessert': False, 'latenight': False, 'lunch': False, 'dinner': False, 'brunch': False, 'breakfast': False}"", 'BusinessParking': ""{'garage': False, 'street': False, 'validated': False, 'lot': False, 'valet': False}"", 'HasTV': 'True', 'Ambience': ""{'touristy': False, 'hipster': False, 'romantic': False, 'divey': False, 'intimate': False, 'trendy': False, 'upscale': False, 'classy': False, 'casual': False}""}","Restaurants, Nightlife, Buffets, Breakfast & Brunch, Bars",